index,rank,id,name,tel,isCallLink,virtualTel,ppc,category/0,category/1,categoryPath/0/0,categoryPath/0/1,categoryPath/0/2,address,roadAddress,abbrAddress,shortAddress,display,telDisplay,reviewCount,ktCallMd,coupon,thumUrl,type,isSite,posExact,x,y,itemLevel,isAdultBusiness,streetPanorama/id,streetPanorama/pan,streetPanorama/tilt,streetPanorama/lng,streetPanorama/lat,streetPanorama/fov,skyPanorama/id,skyPanorama/pan,skyPanorama/tilt,skyPanorama/lng,skyPanorama/lat,skyPanorama/fov,insidePanorama,interiorPanorama,indoorPanorama,theme,poiInfo/relation,poiInfo/hasRelation,poiInfo/road/poiShapeType,poiInfo/road/shapeKey,poiInfo/road/boundary,poiInfo/road/detail,poiInfo/hasRoad,poiInfo/land,poiInfo/hasLand,poiInfo/polygon,poiInfo/hasPolygon,homePage,description,entranceCoords,isPollingPlace,bizhourInfo,menuInfo,petrolInfo,couponUrl,couponUrlMobile,hasCardBenefit,menuExist,hasNaverBooking,naverBookingUrl,naverEasyOrderUrl,hasNaverSmartOrder,reservationLabel/standard,reservationLabel/preOrder,reservationLabel/table,reservationLabel/takeout,reservation/benefit,hasBroadcastInfo,broadcastInfo,shopWindowInfo,hasNPay,carWash,parkingPrice,card,distance,marker,markerSelected,michelinGuide,indoor,markerLabel,subway,categoryPath/0/3,shortAddress/0,shortAddress/1,entranceCoords/car/0/rep,entranceCoords/car/0/x,entranceCoords/car/0/y,entranceCoords/walk/0/rep,entranceCoords/walk/0/x,entranceCoords/walk/0/y,streetPanorama,skyPanorama,poiInfo/relation/poiShapeType,poiInfo/relation/shapeKey/typeName,poiInfo/relation/shapeKey/wsid,poiInfo/relation/shapeKey/shapeID,poiInfo/relation/boundary/minX,poiInfo/relation/boundary/minY,poiInfo/relation/boundary/maxX,poiInfo/relation/boundary/maxY,poiInfo/relation/detail/0/type,poiInfo/relation/detail/0/sid,poiInfo/relation/detail/0/fullName,poiInfo/relation/detail/0/name,poiInfo/relation/detail/0/category,poiInfo/relation/detail/0/xPos,poiInfo/relation/detail/0/yPos,poiInfo/relation/detail/1/type,poiInfo/relation/detail/1/sid,poiInfo/relation/detail/1/fullName,poiInfo/relation/detail/1/name,poiInfo/relation/detail/1/category,poiInfo/relation/detail/1/xPos,poiInfo/relation/detail/1/yPos,poiInfo/relation/detail/2/type,poiInfo/relation/detail/2/sid,poiInfo/relation/detail/2/fullName,poiInfo/relation/detail/2/name,poiInfo/relation/detail/2/category,poiInfo/relation/detail/2/xPos,poiInfo/relation/detail/2/yPos,entranceCoords/car/1/rep,entranceCoords/car/1/x,entranceCoords/car/1/y,entranceCoords/walk/1/rep,entranceCoords/walk/1/x,entranceCoords/walk/1/y,entranceCoords/car,shortAddress/2,categoryPath/0/4,entranceCoords/walk/2/rep,entranceCoords/walk/2/x,entranceCoords/walk/2/y,poiInfo/relation/detail/3/type,poiInfo/relation/detail/3/sid,poiInfo/relation/detail/3/fullName,poiInfo/relation/detail/3/name,poiInfo/relation/detail/3/category,poiInfo/relation/detail/3/xPos,poiInfo/relation/detail/3/yPos,entranceCoords/walk/3/rep,entranceCoords/walk/3/x,entranceCoords/walk/3/y
0,31,20118955,광주승마공원,,false,,0,"스포츠,오락",승마장,221986,221987,222020,광주광역시 서구 풍암동,,,,<b>광주</b>승마<b>공원</b>,,1,1b59e40d5467d174b77eb1c9db505ec8,0,,s,1,1,126.8818375,35.1341237,12,false,z75FsTBIfvm68MIDh2k8kQ==,-168.45,10.00,126.8818821,35.1343402,120,HsTeCRRoqkHSjIZmHnSW3Q==,86.68,-30.00,126.8798447,35.1340065,124,,,,,,false,1,,,,false,,false,,false,,<b>광주</b>광역시 서구 풍암동 소재의 승마장.,,false,,,,,,false,0,false,,,false,false,false,false,false,,false,,,false,,-1,,4583.19,nres://marker/00037-00105,nres://marker/00037-00229,,,,,,,,,,,,,,,,,,,,,,,,,,,,,,,,,,,,,,,,,,,,,,,,,,,,,,,,,,,,,,,,,,
1,32,36837387,롯데ATM 세븐일레븐 광주산정공원로,1566-9493,false,,1,"금융,보험",현금인출기,222606,222607,229866,광주광역시 광산구 월곡동 509-8,광주광역시 광산구 산정공원로 60,월곡동 509-8,,롯데ATM 세븐일레븐 <b>광주</b>산정<b>공원</b>로,1566-9493,0,76f54022c4155612a6639ddeaab9b6aa,0,,s,1,1,126.8063623,35.1728812,12,false,YUdBViaCQIURLdo1h4YmBg==,108.41,10.00,126.8062511,35.1729181,120,1t2F55nmWtRqeG7rcdKvDw==,-94.57,-30.00,126.8066635,35.1729050,124,,,,,,false,1,,,,false,,false,,false,,,,false,,,,,,false,0,false,,,false,false,false,false,false,,false,,,false,,-1,,6198.00,nres://marker/00063-00011,nres://marker/00063-00164,,,,,229867,광주 광산구,산정공원로 60,true,126.80643,35.172831,true,126.80643,35.172831,,,,,,,,,,,,,,,,,,,,,,,,,,,,,,,,,,,,,,,,,,,,,,,,,,,,,
2,33,16310315,두암동체육공원,,false,,0,지역명소,"도시,테마공원",222117,222122,222170,광주광역시 북구 두암동,,,,두암동체육<b>공원</b>,,3,0eb5bf6d57e3e28c1ff3cbc36bc00077,0,,s,1,1,126.9402003,35.1698084,12,false,PK5ufXmf7QEM3aCcVWv0iA==,43.47,9.07,126.9399783,35.1695232,80,cniyvAlHfDxfmboW+xAZNg==,72.77,-30.00,126.9386139,35.1693153,124,,,,,,false,1,,,,false,,false,,false,,,,false,,,,,,false,0,false,,,false,false,false,false,false,,false,,,false,,-1,,6007.65,nres://marker/00045-00079,nres://marker/00045-00203,,,,,231762,,,,,,,,,,,,,,,,,,,,,,,,,,,,,,,,,,,,,,,,,,,,,,,,,,,,,,,,,,,,,
3,34,16021613,안청공원,,false,,0,"여행,명소",근린공원,222117,222122,222170,광주광역시 광산구 안청동,,,,안청<b>공원</b>,,2,6c24bc478ad2df737527f4e0665101e4,0,,s,1,1,126.8026695,35.2122198,12,false,,,,,,,,,,,,,,,,,,true,1,,,,false,,false,,false,,,,false,,,,,,false,0,false,,,false,false,false,false,false,,false,,,false,,-1,,7739.98,nres://marker/00060-00110,nres://marker/00060-00265,,,,,222195,,,true,126.8041071,35.2132575,false,126.801575,35.2107596,,,1,RELA,1.0,16021613,117.9926027,19.6944771,117.9926027,19.6944771,1,21192928,안청공원입구,입구,입구(사람+차량),126.8041071,35.2132575,4,21192929,안청공원입구,입구,입구(사람+차량),126.8043342,35.2107392,5,16022117,안청공원입구,입구,입구(사람),126.8015750,35.2107596,false,126.8043342,35.2107392,,,,,,,,,,,,,,,,,,,
4,35,19615293,신암근린공원,,false,,0,"여행,명소",근린공원,222117,222122,222170,광주광역시 서구 풍암동,,,,신암근린<b>공원</b>,,17,94e542774390c155564351155de1c703,0,,s,1,1,126.8796500,35.1249750,12,false,CZHqu4CMlhHXwTS2i25WyQ==,169.45,-2.26,126.8795200,35.1252204,80,JxUPsFtl6Zt/UMxHQPz9+g==,-98.91,-30.00,126.8801041,35.1250458,124,,,,,,true,1,,,,false,,false,,false,,,,false,,,,,,false,0,false,,,false,false,false,false,false,,false,,,false,,-1,,5571.93,nres://marker/00036-00079,nres://marker/00036-00203,,,,,222195,,,true,126.8806449,35.1249111,true,126.8794687,35.1251224,,,1,RELA,1.0,19615293,117.9926027,19.6944771,117.9926027,19.6944771,5,1032570056,신암근린공원입구,입구,입구(사람),126.8794687,35.1251224,1,19656872,신암근린공원주차장입구,주차장입구,입구(사람+차량),126.8806449,35.1249111,,,,,,,,,,,,,,,,,,,,,,,,,,,,,
5,36,21732562,용봉초록습지,,false,,0,"여행,명소",근린공원,222117,222122,222170,광주광역시 북구 용봉동,,,,용봉초록습지,,15,9f82e5ffc1b45c54c01ec4a0fdb0f051,0,,s,1,1,126.8897518,35.1838871,12,false,,,,,,,OEEGYNIyI2ZI02HbfrktLw==,123.22,-50.64,126.8891677,35.1839699,80,,,,,,false,1,,,,false,,false,,false,,,,false,,,,,,false,0,false,,,false,false,false,false,false,,false,,,false,,-1,,1716.44,nres://marker/00036-00079,nres://marker/00036-00203,,,,,222195,,,,,,,,,,,,,,,,,,,,,,,,,,,,,,,,,,,,,,,,,,,,,,,,,,,,,,,,,,,,,
6,37,19621969,풍암호수공원호수장미원,,false,,0,"도시,테마공원",부속시설,222117,222122,222170,광주광역시 서구 풍암동,,,,풍암호수<b>공원</b>호수장미원,,121,4968fdbbb22fb07f71dc3c80a24075fa,0,,s,1,1,126.8739233,35.1263270,12,false,R3m4VcRWJjjPArZZg7APSA==,4.30,11.28,126.8740410,35.1260516,80,Axb3U5R/z++dm6txx1+hQQ==,84.74,-55.60,126.8713912,35.1262535,80,,,,,,false,1,,,,false,,false,,false,,,,false,,,,,,false,0,false,,,false,false,false,false,false,,false,,,false,,-1,,5401.56,nres://marker/00058-00060,nres://marker/00058-00215,,,,,1000101,,,,,,,,,,,,,,,,,,,,,,,,,,,,,,,,,,,,,,,,,,,,,,,,,,,,,,,,,,,,,
7,38,16305027,중외공원문화산책로,,false,,0,자연공원,부속시설,222117,222118,222136,광주광역시 북구 운암동,,,,중외<b>공원</b>문화산책로,,11,90a76802754776f0f62c4887a65e21e0,0,,s,1,1,126.8827879,35.1813511,12,false,f1iWKplQKkprNB2MU8PogA==,-50.98,10.00,126.8828043,35.1813378,120,TLR88rOQTPPPQPDj/Rf64Q==,92.51,-30.00,126.8788910,35.1815186,124,,,,,,false,1,,,,false,,false,,false,,,,false,,,,,,false,0,false,,,false,false,false,false,false,,false,,,false,,-1,,1047.29,nres://marker/00058-00110,nres://marker/00058-00265,,,,,229253,,,,,,,,,,,,,,,,,,,,,,,,,,,,,,,,,,,,,,,,,,,,,,,,,,,,,,,,,,,,,
8,39,16018353,생태휴양공원,,false,,0,"여행,명소",근린공원,222117,222122,222170,광주광역시 광산구 신창동 1262,광주광역시 광산구 신창로105번길 23-17,신창동 1262,,생태휴양<b>공원</b>,,4,ec0f9483803cc784ce361885db8cb71c,0,,s,1,1,126.8351898,35.1932703,12,false,,,,,,,LkU0Zxk4Xmd1iX7iU0MQNQ==,-176.13,-48.25,126.8355559,35.1953415,80,,,,,,true,1,,,,false,,false,,false,,,,false,,,,,,false,0,false,,,false,false,false,false,false,,false,,,false,,-1,,4117.18,nres://marker/00060-00110,nres://marker/00060-00265,,,,,222195,광주 광산구,신창로105번길 23-17,true,126.8373596,35.1935908,true,126.8373596,35.1935908,,,1,RELA,1.0,16018353,117.9926027,19.6944771,117.9926027,19.6944771,5,16018463,생태휴양공원입구,입구,입구(사람),126.8373596,35.1935908,5,1028029705,생태휴양공원입구,입구,입구(사람),126.8361627,35.1942858,,,,,,,,,,,false,126.8361627,35.1942858,,,,,,,,,,,,,,,,
9,40,16014974,은빛공원,,false,,0,"여행,명소",근린공원,222117,222122,222170,광주광역시 광산구 수완동,,,,은빛<b>공원</b>,,6,7d5d64923f09f265d36441900ee520d6,0,,s,1,1,126.8262657,35.1880666,12,false,gHdE1qF4sKuV42yWkM3UEw==,134.63,0.84,126.8260112,35.1882669,80,42BE0dB6DuJU3EeIkvv5RA==,78.59,-30.00,126.8244476,35.1876984,124,,,,,,false,1,,,,false,,false,,false,,,,false,,,,,,false,0,false,,,false,false,false,false,false,,false,,,false,,-1,,4622.91,nres://marker/00060-00110,nres://marker/00060-00265,,,,,222195,,,true,126.8257848,35.1881934,true,126.8260779,35.1881889,,,,,,,,,,,,,,,,,,,,,,,,,,,,,,,,,,,,,,,,,,,,,,,,,,,,,
10,41,37503689,북구청공원녹지과,,false,,0,"공공,사회기관",지방행정기관,222935,222937,1001012,광주광역시 북구 중흥동 358-3,광주광역시 북구 용봉로138번길 11,중흥동 358-3,,북구청<b>공원</b>녹지과,,0,dd2305900e9c62b533eb5ddd2335dea4,0,,s,1,1,126.9116661,35.1730252,12,false,cE+37hG2HeMTI81puGFCGw==,108.11,10.00,126.9115935,35.1730489,120,9PUxjvBi7EZ/BQEIhWp2Yg==,-78.42,-30.00,126.9151993,35.1722984,124,,,,,,false,1,,,,false,,false,,false,,,,false,,,,,,false,0,false,,,false,false,false,false,false,,false,,,false,,-1,,3391.56,nres://marker/00060-00060,nres://marker/00060-00215,,,,,,광주 북구,용봉로138번길 11,true,126.9116693,35.1731668,true,126.9116013,35.1730237,,,,,,,,,,,,,,,,,,,,,,,,,,,,,,,,,,,,,,,,,,,,,,,,,,,,,
11,42,16282322,마재근린공원,,false,,0,"여행,명소",근린공원,222117,222122,222170,광주광역시 서구 금호동,,,,마재근린<b>공원</b>,,10,8d4af8827401cc6f1443d817f7d751db,0,,s,1,1,126.8602846,35.1314949,12,false,jJF3OfK9RUJCS+te39SoXA==,-81.90,-7.03,126.8607458,35.1312827,80,eEH2bsVFz7tStBzK+bKZaA==,-69.02,-30.00,126.8611145,35.1311760,124,,,,,,true,1,,,,false,,false,,false,,,,false,,,,,,false,0,false,,,false,false,false,false,false,,false,,,false,,-1,,4995.40,nres://marker/00047-00084,nres://marker/00047-00213,,,,,222195,,,true,126.8597022,35.1313239,true,126.8597022,35.1313239,,,1,RELA,1.0,0,117.9926027,19.6944771,117.9926027,19.6944771,5,19610846,마재근린공원입구,입구,입구(사람),126.8601860,35.1324140,5,19612660,마재근린공원입구,입구,입구(사람),126.8597022,35.1313239,,,,,,,,,,,false,126.860186,35.132414,,,,,,,,,,,,,,,,
12,43,1264487012,본촌근린공원,,false,,0,"여행,명소",근린공원,222117,222122,222170,광주광역시 북구 양산동,,,,본촌근린<b>공원</b>,,2,d68048353f1c049e79519ca49b06f240,0,,s,1,1,126.8736449,35.2010199,12,false,,,,,,,OJe0GRPPoma+j94HuHbBcg==,87.93,-30.00,126.8708343,35.2009148,80,,,,,,false,1,,,,false,,false,,false,,,,false,,,,,,false,0,false,,,false,false,false,false,false,,false,,,false,,-1,,2912.22,nres://marker/00045-00079,nres://marker/00045-00203,,,,,222195,,,,,,,,,,,,,,,,,,,,,,,,,,,,,,,,,,,,,,,,,,,,,,,,,,,,,,,,,,,,,
13,44,1005520533,발산근린공원,,false,,0,"여행,명소",근린공원,222117,222122,222170,광주광역시 서구 농성동 산31,,,,발산근린<b>공원</b>,,1,6aca2d3b8f760e7a34e5d476acd1a0e7,0,,s,1,1,126.8958250,35.1543667,12,false,UAGB2NQ2dCsGZCRHKHTBzg==,39.75,7.52,126.8948770,35.1551570,80,CLGApGfsBHkTYBoJybu8TA==,-99.23,-30.00,126.8966675,35.1545029,124,,,,,,false,1,,,,false,,false,,false,,,,false,,,,,,false,0,false,,,false,false,false,false,false,,false,,,false,,-1,,2997.21,nres://marker/00036-00079,nres://marker/00036-00203,,,,,222195,,,,,,false,126.8951,35.1559083,,,,,,,,,,,,,,,,,,,,,,,,,,,,,,,,,,,,,,,,,,,,,,,,,,,,,
14,45,1737204303,마륵근린공원,,false,,0,"여행,명소",근린공원,222117,222122,222170,광주광역시 서구 마륵동 산7-14,,,,마륵근린<b>공원</b>,,2,f5f6844da2d8bea678900de63c4cb344,0,,s,1,1,126.8534662,35.1425341,12,false,NayLjTR4WYqJNG0f4GIoRw==,71.83,11.98,126.8534281,35.1425695,80,116f3kRRiOP4oUymH5pwuA==,92.06,-30.00,126.8522186,35.1425781,124,,,,,,false,1,,,,false,,false,,false,,,,false,,,,,,false,0,false,,,false,false,false,false,false,,false,,,false,,-1,,4072.94,nres://marker/00054-00096,nres://marker/00054-00237,,,,,222195,,,,,,,,,,,,,,,,,,,,,,,,,,,,,,,,,,,,,,,,,,,,,,,,,,,,,,,,,,,,,
15,46,19659049,농성공원,,false,,0,"여행,명소",근린공원,222117,222122,222170,광주광역시 서구 농성동,,,,농성<b>공원</b>,,1,f29b1ed6be01d9d1348c586c66bcd1f0,0,,s,1,1,126.8872500,35.1481167,12,false,w99F0mpok4dZbTYj4Loo/A==,43.80,1.45,126.8870368,35.1480063,80,982CxCO33Jjifn6Fol/5TQ==,-92.15,-30.00,126.8894424,35.1481972,124,,,,,,false,1,,,,false,,false,,false,,,,false,,,,,,false,0,false,,,false,false,false,false,false,,false,,,false,,-1,,3196.03,nres://marker/00036-00079,nres://marker/00036-00203,,,,,222195,,,,,,,,,,,,,,,,,,,,,,,,,,,,,,,,,,,,,,,,,,,,,,,,,,,,,,,,,,,,,
16,47,318551231,남한산성전통공원,,false,,0,"여행,명소",근린공원,222117,222122,222170,경기도 광주시 남한산성면 산성리,,,,남한산성전통<b>공원</b>,,12,7d141e258dd1c9251062bcd561efcf9a,0,,s,1,1,127.1835507,37.4777493,12,false,ZT4PZaA6gas62BE0CgYBrw==,7.84,1.44,127.1836357,37.4774540,80,9zS0TmC1kjwZxjpVrK3ajA==,91.64,-30.00,127.1802750,37.4778404,124,,,,,,false,1,,,,false,,false,,false,,,,false,,,,,,false,0,false,,,false,false,false,false,false,,false,,,false,,-1,,257784.20,nres://marker/00036-00079,nres://marker/00036-00203,,,,,222195,,,,,,,,,,,,,,,,,,,,,,,,,,,,,,,,,,,,,,,,,,,,,,,,,,,,,,,,,,,,,
17,48,1360665592,여수엑스포해양공원오픈워터수영경기장,,false,,0,"스포츠,오락",수영장,221986,221987,222007,전라남도 여수시 덕충동 2000,,,,여수엑스포해양<b>공원</b>오픈워터수영경기장,,3,cc70f142705357f5d8b23595535ab1ee,0,,s,1,1,127.7504446,34.7512793,12,false,CN5E7rrvHAOeY3JK/3+W3g==,111.95,10.00,127.7501250,34.7514078,120,xTJb78XEjBAPo/JaRtNgdg==,-94.84,-30.00,127.7514943,34.7513674,124,,,,,,false,1,,,,false,,false,,false,,,,false,,,,,,false,0,false,,,false,false,false,false,false,,false,,,false,,-1,,92765.20,nres://marker/00062-00140,nres://marker/00062-00295,,,,,229238,,,,,,,,,,,,,,,,,,,,,,,,,,,,,,,,,,,,,,,,,,,,,,,,,,,,,,,,,,,,,
18,49,16314093,일곡제3근린공원,,false,,0,"여행,명소",근린공원,222117,222122,222170,광주광역시 북구 일곡동,,,,일곡제3근린<b>공원</b>,,2,4e8dcdfae6a8331f315eca5df3029def,0,,s,1,1,126.8964250,35.2027850,12,false,Tk5OrF3OWio76rGHqIAEQw==,-1.41,3.01,126.8964097,35.2021740,80,aT3H1JP1E85cHoDcQPzYuQ==,-130.27,-30.00,126.8972244,35.2034607,124,,,,,,true,1,,,,false,,false,,false,,,,false,,,,,,false,0,false,,,false,false,false,false,false,,false,,,false,,-1,,3694.89,nres://marker/00037-00079,nres://marker/00037-00203,,,,,222195,,,true,126.897074,35.2025191,true,126.897074,35.2025191,,,1,RELA,1.0,0,117.9926027,19.6944771,117.9926027,19.6944771,5,19621254,일곡제3근린공원입구,입구,입구(사람),126.8970740,35.2025191,5,19621253,일곡제3근린공원입구,입구,입구(사람),126.8967594,35.2033691,,,,,,,,,,,false,126.8967594,35.2033691,,,,,,,,,,,,,,,,
19,50,16305451,동림유적근린공원,,false,,0,"여행,명소",근린공원,222117,222122,222170,광주광역시 서구 동천동 660,광주광역시 서구 천변우하로 469 유적 근린공원 화장실,동천동 660,,동림유적근린<b>공원</b>,,9,fdb020ff8e1a730e62076f390f70aae3,0,,s,1,1,126.8702624,35.1683846,12,false,ywE9kzCxHUvcoCDBVFFKSg==,43.13,2.38,126.8699709,35.1680862,53,9qoQL3sOVU9/40t0hO1EYw==,-80.82,-30.00,126.8713913,35.1682014,124,,,,,,false,1,,,,false,,false,,false,,,,false,,,,,,false,0,false,,,false,false,false,false,false,,false,,,false,,-1,,815.28,nres://marker/00060-00110,nres://marker/00060-00265,,,,,222195,광주 서구,천변우하로 469,,,,,,,,,,,,,,,,,,,,,,,,,,,,,,,,,,,,,,,,,,,,,유적 근린공원 화장실,,,,,,,,,,,,,,
20,51,185407630,빛고을농촌테마공원농업전시체험장,,false,,0,"도시,테마공원",부속시설,222117,222122,222170,광주광역시 남구 양과동,,,,빛고을농촌테마<b>공원</b>농업전시체험장,,0,b646de8e890bab8bb88ec6ff63438597,0,,s,1,1,126.8674528,35.0845635,12,false,3p6cprqPYfV6wIqvPM7Xnw==,-114.78,10.00,126.8675994,35.0846310,120,,,,,,,,,,,,false,1,,,,false,,false,,false,,,,false,,,,,,false,0,false,,,false,false,false,false,false,,false,,,false,,-1,,10069.42,nres://marker/00058-00060,nres://marker/00058-00215,,,,,1000101,,,,,,,,,,,,,,,,,,,,,,,,,,,,,,,,,,,,,,,,,,,,,,,,,,,,,,,,,,,,,
21,52,30820106,풍암호수공원야외무대,,false,,0,"도시,테마공원",부속시설,222117,222122,222170,광주광역시 서구 풍암동,,,,풍암호수<b>공원</b>야외무대,,8,950f8a74ff1a4c9bfe6e62d3a8eb4635,0,,s,1,1,126.8715401,35.1298508,12,false,,,,,,,,,,,,,,,,,,false,1,,,,false,,false,,false,,,,false,,,,,,false,0,false,,,false,false,false,false,false,,false,,,false,,-1,,5016.18,nres://marker/00058-00060,nres://marker/00058-00215,,,,,1000101,,,,,,,,,,,,,,,,,,,,,,,,,,,,,,,,,,,,,,,,,,,,,,,,,,,,,,,,,,,,,
22,53,20770749,첨단종합운동장산책로,,false,,0,자연공원,부속시설,222117,222118,222136,광주광역시 광산구 산월동,,,,첨단종합운동장산책로,,2,933f9f83b984347ed01b94b68a5fab9d,0,,s,1,1,126.8539387,35.2003350,12,false,,,,,,,oNCFfamUnXa7IatNLu4pUA==,91.37,-30.00,126.8523941,35.2003708,124,,,,,,false,1,,,,false,,false,,false,,,,false,,,,,,false,0,false,,,false,false,false,false,false,,false,,,false,,-1,,3393.91,nres://marker/00063-00110,nres://marker/00063-00264,,,,,229253,,,,,,,,,,,,,,,,,,,,,,,,,,,,,,,,,,,,,,,,,,,,,,,,,,,,,,,,,,,,,
23,54,1687704716,곤지암도자공원 물놀이장,,false,,0,"도시,테마공원",부속시설,222117,222122,222170,경기도 광주시 곤지암읍 삼리,,,,곤지암도자<b>공원</b> 물놀이장,,10,86e8fd23cd83452c833f7a490b889edd,0,http://blogfiles.naver.net/MjAxODA3MjZfMTUy/MDAxNTMyNTgwNTM4ODI3.c2e_X55vGS9kJK-3hFlidyypMkc6i18KMrxPtkYDU9kg.KvuAjWF22zet28zc_Pf8eu89uaJcE22SBtN7b-NZK6og.PNG.gjcityi/07264.png#386x386,s,1,1,127.3269624,37.3516119,12,false,jY/vsLGGqUxf5o4AmFwL/A==,-87.84,11.60,127.3276116,37.3516814,80,,,,,,,,,,,,false,1,,,,false,,false,,false,,,,false,,이용요금 0,,,,false,1,false,,,false,false,false,false,false,,false,,,false,,-1,,245631.17,nres://marker/00063-00060,nres://marker/00063-00214,,,,,1000101,,,,,,,,,,,,,,,,,,,,,,,,,,,,,,,,,,,,,,,,,,,,,,,,,,,,,,,,,,,,,
24,55,20770753,영산강7공구산책로,,false,,0,자연공원,부속시설,222117,222118,222136,광주광역시 광산구 신가동,,,,영산강7공구산책로,,0,c24233f6aa9f3612c9d97e802530ab81,0,,s,1,1,126.8364485,35.1739302,12,false,AaQo5XrPHeVGxaoFISsy9Q==,127.20,10.00,126.8355504,35.1746103,120,D+gHQpcDbr73LxZQ7fMbHA==,88.59,-30.00,126.8352814,35.1739006,124,,,,,,false,1,,,,false,,false,,false,,,,false,,,,,,false,0,false,,,false,false,false,false,false,,false,,,false,,-1,,3458.67,nres://marker/00058-00110,nres://marker/00058-00265,,,,,229253,,,,,,,,,,,,,,,,,,,,,,,,,,,,,,,,,,,,,,,,,,,,,,,,,,,,,,,,,,,,,
25,56,16015075,완동공원,,false,,0,"여행,명소",근린공원,222117,222122,222170,광주광역시 광산구 수완동,,,,완동<b>공원</b>,,7,d9bfeb4cfb3e52f848a5b044599f41bb,0,,s,1,1,126.8265125,35.2003429,12,false,,,,,,,VMfNTJUSpkWpZg+eZ6TyTQ==,79.21,-43.87,126.8237075,35.1998046,80,,,,,,true,1,,,,false,,false,,false,,,,false,,,,,,false,0,false,,,false,false,false,false,false,,false,,,false,,-1,,5201.41,nres://marker/00060-00110,nres://marker/00060-00265,,,,,222195,,,true,126.826103,35.2006576,true,126.826103,35.2006576,,,1,RELA,1.0,16015075,117.9926027,19.6944771,117.9926027,19.6944771,5,19650201,완동공원입구,입구,입구(사람),126.8261030,35.2006576,5,1106670668,완동공원입구,입구,입구(사람),126.8281256,35.2003476,,,,,,,,,,,false,126.8281256,35.2003476,,,,,,,,,,,,,,,,
26,57,35195485,첨단2주거1호근린공원,,false,,0,"여행,명소",근린공원,222117,222122,222170,광주광역시 북구 신용동,,,,첨단2주거1호근린<b>공원</b>,,9,1974bb7362de2360f50fb057ce684164,0,,s,1,1,126.8614080,35.2087715,7,false,acIkuw3T+xVVtDIzU018kw==,173.02,-1.62,126.8615027,35.2100065,80,Zv9VWQrzvYI1mPDnDKPp1Q==,83.22,-30.00,126.8611145,35.2087364,124,,,,,,false,1,,,,false,,false,,false,,,,false,,,,,,false,0,false,,,false,false,false,false,false,,false,,,false,,-1,,3956.04,nres://marker/00063-00110,nres://marker/00063-00264,,,,,222195,,,,,,,,,,,,,,,,,,,,,,,,,,,,,,,,,,,,,,,,,,,,,,,,,,,,,,,,,,,,,
27,58,16294105,광주기독교공원묘지,,false,,0,장례,묘지,223267,223280,223376,광주광역시 남구 송하동,,,,<b>광주</b>기독교<b>공원</b>묘지,,0,9b2fc1705ea7228278c28370e6eec1b7,0,,s,1,1,126.8896223,35.1067619,11,false,,,,,,,kqsUKxFqmB7/9Py6HeTSlQ==,-71.28,-30.00,126.8938904,35.1053123,124,,,,,,false,1,,,,false,,false,,false,,,,false,,,,,,false,0,false,,,false,false,false,false,false,,false,,,false,,-1,,7703.50,nres://marker/00059-00060,nres://marker/00059-00215,,,,,229174,,,,,,,,,,,,,,,,,,,,,,,,,,,,,,,,,,,,,,,,,,,,,,,,,,,,,,,,,,,,,
28,59,16316313,광주영락공원묘지관리사무소,,false,,0,"기업,빌딩",부속건물,227616,227890,227896,광주광역시 북구 효령동 100-2,광주광역시 북구 영락공원로 170,효령동 100-2,,<b>광주</b>영락<b>공원</b>묘지관리사무소,,0,b402b1ab090f9893321df2cbe60d9151,0,,s,1,1,126.9163738,35.2309592,12,false,lfV+7oi6jXUKJznbsZVPcQ==,106.89,10.00,126.9161660,35.2310221,120,,,,,,,,,,,,false,1,,,,false,,false,,false,,,,false,,,,,,false,0,false,,,false,false,false,false,false,,false,,,false,,-1,,7315.19,nres://marker/00063-00035,nres://marker/00063-00188,,,,,227898,광주 북구,영락공원로 170,,,,,,,,,,,,,,,,,,,,,,,,,,,,,,,,,,,,,,,,,,,,,,,,,,,,,,,,,,,
29,60,1782036026,해마루공원,,false,,0,"여행,명소",근린공원,222117,222122,222170,광주광역시 남구 행암동  554,,,,해마루<b>공원</b>,,1,7eb370f5520c78a3688e26a240820aa5,0,,s,1,1,126.8854365,35.1026284,12,false,PZij4ISq34IukNpBa+L4pA==,-27.03,10.00,126.8856320,35.1022450,120,,,,,,,,,,,,false,1,,,,false,,false,,false,,,,false,,,,,,false,0,false,,,false,false,false,false,false,,false,,,false,,-1,,8100.71,nres://marker/00060-00110,nres://marker/00060-00265,,,,,222195,,,,,,,,,,,,,,,,,,,,,,,,,,,,,,,,,,,,,,,,,,,,,,,,,,,,,,,,,,,,,
30,61,84936414,역사공원,,false,,0,"여행,명소",근린공원,222117,222122,222170,광주광역시 광산구 신창동,,,,역사<b>공원</b>,,3,c3e280d1c67ab437fafedac1d0a54f58,0,,s,1,1,126.8444390,35.1959270,11,false,MVGv4exiL/pyKZ8PZLDfyQ==,-90.24,2.85,126.8459795,35.1949272,80,2MdCzsmc+EdiaB9PtIyzRQ==,111.75,-30.00,126.8427811,35.1965866,124,,,,,,false,1,,,,false,,false,,false,,,,false,,,,,,false,0,false,,,false,false,false,false,false,,false,,,false,,-1,,3598.45,nres://marker/00036-00079,nres://marker/00036-00203,,,,,222195,,,,,,,,,,,,,,,,,,,,,,,,,,,,,,,,,,,,,,,,,,,,,,,,,,,,,,,,,,,,,
31,62,36286875,월산근린공원산책로,,false,,0,"도시,테마공원",부속시설,222117,222122,222170,광주광역시 남구 월산동,,,,월산근린<b>공원</b>산책로,,1,359e89ddbb9945d5190fcc7cd6505301,0,,s,1,1,126.8973204,35.1422811,12,false,Gsqonx09i3FIkIjm5i5uxA==,82.23,10.00,126.8967383,35.1422012,120,6ETaoXf5OWY9s+iwB+CNIg==,61.99,-30.00,126.8966675,35.1419334,124,,,,,,false,1,,,,false,,false,,false,,,,false,,,,,,false,0,false,,,false,false,false,false,false,,false,,,false,,-1,,4180.43,nres://marker/00058-00060,nres://marker/00058-00215,,,,,1000101,,,,,,,,,,,,,,,,,,,,,,,,,,,,,,,,,,,,,,,,,,,,,,,,,,,,,,,,,,,,,
32,63,19613181,풍영체육시설단지,,false,,0,지역명소,"도시,테마공원",222117,222122,222170,광주광역시 광산구 우산동 594,광주광역시 광산구 풍영철길로 106-2,우산동 594,,풍영체육시설단지,,0,d320e64cf1a1af044664329cafaf9dd5,0,,s,1,1,126.8202273,35.1667719,12,false,hiZVs3s2CaBYsDQ0s8icEw==,76.35,1.17,126.8196101,35.1664251,80,fyMvK+9yrTkXj/0ylqPPww==,83.97,-30.00,126.8166656,35.1663933,124,,,,,,false,1,,,,false,,false,,false,,,,false,,,,,,false,0,false,,,false,false,false,false,false,,false,,,false,,-1,,5014.44,nres://marker/00060-00110,nres://marker/00060-00265,,,,,231762,광주 광산구,풍영철길로 106-2,true,126.8190624,35.1675667,true,126.8190624,35.1675667,,,,,,,,,,,,,,,,,,,,,,,,,,,,,,,,,,,,,,,,,,,,,,,,,,,,,
33,64,924540217,광주영락공원묘지개나리묘역,,false,,0,장례,묘지,223267,223280,223376,광주광역시 북구 효령동,,,,<b>광주</b>영락<b>공원</b>묘지개나리묘역,,0,e1020865e6ad5dae31dcfd9bb8dbe524,0,,s,1,1,126.9204020,35.2281255,12,false,8XYm0yfsIM/+O3YTNpUugA==,98.24,10.00,126.9201825,35.2281571,120,,,,,,,,,,,,false,1,,,,false,,false,,false,,,,false,,,,,,false,0,false,,,false,false,false,false,false,,false,,,false,,-1,,7252.68,nres://marker/00034-00042,nres://marker/00034-00162,,,,,229174,,,,,,,,,,,,,,,,,,,,,,,,,,,,,,,,,,,,,,,,,,,,,,,,,,,,,,,,,,,,,
34,65,16316509,광주북부경찰서우치공원임시파출소,,false,,0,경찰서,파출소,222935,223060,223061,광주광역시 북구 생용동 107-1,,,,<b>광주</b>북부경찰서우치<b>공원</b>임시파출소,,0,69615e224360facb17623922ab3662c7,0,,s,1,1,126.8994125,35.2250513,12,false,qj1wvZH/aEGnndHGHRxR+w==,35.39,10.00,126.8993001,35.2248930,120,Zd733DMpUBhSHXQynWXfJw==,32.83,-30.00,126.8972015,35.2216225,124,,,,,,false,1,,,,false,,false,,false,,,,false,,,,,,false,0,false,,,false,false,false,false,false,,false,,,false,,-1,,6029.39,nres://marker/00063-00116,nres://marker/00063-00270,,,,,223163,,,,,,,,,,,,,,,,,,,,,,,,,,,,,,,,,,,,,,,,,,,,,,,,223162,,,,,,,,,,,,,
35,66,1496302046,초월생활체육공원,,false,,0,지역명소,"도시,테마공원",222117,222122,222170,경기도 광주시 초월읍 늑현리 193-2,,,,초월생활체육<b>공원</b>,,4,328132db8f7b7e59242221a66f262b4d,0,,s,1,1,127.3166016,37.3653172,12,false,Wn+a5bjKfYvNfX/q0t0/KQ==,84.66,10.00,127.3161884,37.3652783,120,,,,,,,,,,,,false,1,,,,false,,false,,false,,,,false,,,,,,false,0,false,,,false,false,false,false,false,,false,,,false,,-1,,246984.01,nres://marker/00045-00079,nres://marker/00045-00203,,,,,231762,,,,,,,,,,,,,,,,,,,,,,,,,,,,,,,,,,,,,,,,,,,,,,,,,,,,,,,,,,,,,
36,67,19654197,고래실공원,,false,,0,"여행,명소",근린공원,222117,222122,222170,광주광역시 광산구 수완동,,,,고래실<b>공원</b>,,5,fdec3f8e3b033a7fe19e88426dcb48a1,0,,s,1,1,126.8296139,35.1951750,12,false,P8M0cMwYX7xFabpjW3jL6Q==,-115.95,-5.97,126.8299084,35.1954023,80,Tru90Bidem0RBR0yN9O/TA==,91.73,-30.00,126.8241653,35.1953354,124,,,,,,false,1,,,,false,,false,,false,,,,false,,,,,,false,0,false,,,false,false,false,false,false,,false,,,false,,-1,,4663.05,nres://marker/00036-00079,nres://marker/00036-00203,,,,,222195,,,,,,,,,,,,,,,,,,,,,,,,,,,,,,,,,,,,,,,,,,,,,,,,,,,,,,,,,,,,,
37,68,16275211,염주근린공원,,false,,0,"여행,명소",근린공원,222117,222122,222170,광주광역시 서구 화정동,,,,염주근린<b>공원</b>,,5,de29879e8f5e7e4e5c18509ae5a5be55,0,,s,1,1,126.8787880,35.1421490,12,false,wu4tY5xqHoemwz1279OW0w==,-154.19,-0.37,126.8790730,35.1427200,80,uKwivQQYDgqW9M+cBOOS+g==,-102.37,-30.00,126.8797226,35.1423531,124,,,,,,true,1,,,,false,,false,,false,,,,false,,,,,,false,0,false,,,false,false,false,false,false,,false,,,false,,-1,,3661.82,nres://marker/00037-00079,nres://marker/00037-00203,,,,,222195,,,,,,false,126.8786,35.1414667,,,1,RELA,1.0,16275211,117.9926027,19.6944771,117.9926027,19.6944771,5,19618618,염주공원입구,입구,입구(사람),126.8786000,35.1414667,5,19618616,염주공원입구,입구,입구(사람),126.8792250,35.1422083,,,,,,,,,,,false,126.879225,35.1422083,,,,,,,,,,,,,,,,
38,69,16306262,우산체육공원,,false,,0,지역명소,"도시,테마공원",222117,222122,222170,광주광역시 북구 우산동,,,,우산체육<b>공원</b>,,0,f911604c12cb42da6d72f050ef59e1a3,0,,s,1,1,126.9219486,35.1766408,12,false,Ju/AH1DCkAzmJb0Iif7PVA==,24.41,10.00,126.9216851,35.1760597,120,6Uvz6Wb+3ZK3rMsUU78ubw==,-67.90,-30.00,126.9244461,35.1756248,124,,,,,,true,1,,,,false,,false,,false,,,,false,,,,,,false,0,false,,,false,false,false,false,false,,false,,,false,,-1,,4325.24,nres://marker/00045-00079,nres://marker/00045-00203,,,,,231762,,,true,126.9225629,35.1758942,true,126.9225629,35.1758942,,,1,RELA,1.0,16306262,117.9926027,19.6944771,117.9926027,19.6944771,1,1609858669,우산체육공원입구,입구,입구(사람+차량),126.9225629,35.1758942,5,1412103643,우산체육공원입구,입구,입구(사람),126.9212512,35.1762495,5,1784618094,우산체육공원입구,입구,입구(사람),126.9218811,35.1760800,,,,false,126.9212512,35.1762495,,,,false,126.9218811,35.17608,,,,,,,,,,
39,70,16280047,풍암생활체육공원운동장,,false,,0,"도시,테마공원",부속시설,222117,222122,222170,광주광역시 서구 풍암동,,,,풍암생활체육<b>공원</b>운동장,,4,69161b363f280c936b9091045ec8b2ab,0,,s,1,1,126.8832962,35.1302887,12,false,,,,,,,h50XEkPGX7FOUZcZqGaI6Q==,103.33,-46.11,126.8799972,35.1307511,80,,,,,,false,1,,,,false,,false,,false,,,,false,,,,,,false,0,false,,,false,false,false,false,false,,false,,,false,,-1,,5025.31,nres://marker/00058-00060,nres://marker/00058-00215,,,,,1000101,,,,,,,,,,,,,,,,,,,,,,,,,,,,,,,,,,,,,,,,,,,,,,,,,,,,,,,,,,,,,
40,71,16303446,죽림근린공원,,false,,0,"여행,명소",근린공원,222117,222122,222170,광주광역시 서구 동천동 508,광주광역시 서구 천변우하로 337 죽림 근린공원 화장실,동천동 508,,죽림근린<b>공원</b>,,4,4fde7883568510eb3150615cd60d196e,0,,s,1,1,126.8570893,35.1681437,12,false,YGnNsnGE+iHzNht8MIQ6PQ==,15.47,-0.38,126.8569765,35.1677103,80,9nJcb74IW7OdRrCzS2njzw==,-91.68,-30.00,126.8611145,35.1682587,124,,,,,,true,1,,,,false,,false,,false,,,,false,,,,,,false,0,false,,,false,false,false,false,false,,false,,,false,,-1,,1747.46,nres://marker/00060-00110,nres://marker/00060-00265,,,,,222195,광주 서구,천변우하로 337,true,126.8565749,35.1676802,true,126.8565749,35.1676802,,,1,RELA,1.0,16303446,117.9926027,19.6944771,117.9926027,19.6944771,5,1320081925,죽림근린공원입구,입구,입구(사람),126.8582382,35.1681529,5,1864773084,죽림근린공원입구,입구,입구(사람),126.8570061,35.1677616,5,1804790486,죽림근린공원입구,입구,입구(사람),126.8565749,35.1676802,,,,false,126.8582382,35.1681529,,죽림 근린공원 화장실,,false,126.8570061,35.1677616,,,,,,,,,,
41,72,16023366,하남공원,,false,,0,"여행,명소",근린공원,222117,222122,222170,광주광역시 광산구 하남동,,,,하남<b>공원</b>,,0,da8fc53908c2937bc023621df33cebd8,0,,s,1,1,126.7930100,35.1918806,12,false,/HUVL53pTwH13ol6oo0Bag==,-43.89,-3.93,126.7946376,35.1912869,80,,,,,,,,,,,,true,1,,,,false,,false,,false,,,,false,,,,,,false,0,false,,,false,false,false,false,false,,false,,,false,,-1,,7646.21,nres://marker/00060-00110,nres://marker/00060-00265,,,,,222195,,,true,126.7934125,35.1914013,true,126.7934125,35.1914013,,,1,RELA,1.0,16023366,117.9926027,19.6944771,117.9926027,19.6944771,1,21192925,하남공원입구,입구,입구(사람+차량),126.7934125,35.1914013,5,21192927,하남공원입구,입구,입구(사람),126.7945455,35.1913925,5,16023398,하남공원입구,입구,입구(사람),126.7922250,35.1914013,,,,false,126.7945455,35.1913925,,,,false,126.792225,35.1914013,5,21192926,하남공원입구,입구,입구(사람),126.7948250,35.1922679,false,126.794825,35.1922679
42,73,19620031,광주영락공원매점,,false,,0,"쇼핑,유통","슈퍼,마트",223563,223564,223593,광주광역시 북구 효령동,,,,<b>광주</b>영락<b>공원</b>매점,,0,d2f95585b39ccc6b3ca53be4e7258f11,0,,s,1,1,126.9210100,35.2301280,12,false,uZ+BRWNOVEpUfbxz7wZkOg==,-124.05,10.00,126.9211386,35.2302147,120,,,,,,,,,,,,false,1,,,,false,,false,,false,,,,false,,,,,,false,0,false,,,false,false,false,false,false,,false,,,false,,-1,,7467.13,nres://marker/00034-00104,nres://marker/00034-00224,,,,,223850,,,,,,,,,,,,,,,,,,,,,,,,,,,,,,,,,,,,,,,,,,,,,,,,,,,,,,,,,,,,,
43,74,16018182,신창가족공원,,false,,0,"여행,명소",근린공원,222117,222122,222170,광주광역시 광산구 신창동 1120,광주광역시 광산구 왕버들로251번길 66,신창동 1120,,신창가족<b>공원</b>,,3,498de83edab82ba3addc187c650c694b,0,,s,1,1,126.8392598,35.1983085,12,false,NKN5XOitejfirWLqNGuhrg==,-28.12,11.81,126.8396429,35.1977608,80,BIDuae5bMN18VV/jv2I0IQ==,-99.26,-30.00,126.8427811,35.1988792,124,,,,,,true,1,,,,false,,false,,false,,,,false,,,,,,false,0,false,,,false,false,false,false,false,,false,,,false,,-1,,4129.82,nres://marker/00060-00110,nres://marker/00060-00265,,,,,222195,광주 광산구,왕버들로251번길 66,true,126.8396098,35.1978716,true,126.8396098,35.1978716,,,1,RELA,1.0,16018182,117.9926027,19.6944771,117.9926027,19.6944771,5,1611410910,신창가족공원입구,입구,입구(사람),126.8381223,35.1986740,5,1885606700,신창가족공원입구,입구,입구(사람),126.8396098,35.1978716,,,,,,,,,,,false,126.8381223,35.198674,,,,,,,,,,,,,,,,
44,75,242276368,역산공원,,false,,0,"여행,명소",근린공원,222117,222122,222170,광주광역시 광산구 산정동,,,,역산<b>공원</b>,,6,77c95e94f6599989088a6d3fe5174751,0,,s,1,1,126.8001330,35.1694519,11,false,tWd5vIW7MAGtMt8fZs6muA==,159.88,4.80,126.8007026,35.1702861,80,YoHJ/BknioUYSi1jV5XUTw==,93.42,-30.00,126.7988892,35.1695251,124,,,,,,false,1,,,,false,,false,,false,,,,false,,,,,,false,0,false,,,false,false,false,false,false,,false,,,false,,-1,,6787.65,nres://marker/00036-00079,nres://marker/00036-00203,,,,,222195,,,,,,,,,,,,,,,,,,,,,,,,,,,,,,,,,,,,,,,,,,,,,,,,,,,,,,,,,,,,,
45,76,16266024,산수공원,,false,,0,"여행,명소",근린공원,222117,222122,222170,광주광역시 동구 산수동,,,,산수<b>공원</b>,,2,694a68d75b40342c943c6faf70316805,0,,s,1,1,126.9285877,35.1550541,12,false,ytI91nAPyLwIqzQLd06aBw==,-145.00,16.86,126.9292511,35.1553392,80,PVAWNvIGTLnk7UY5gg6vmA==,80.56,-30.00,126.9258347,35.1545944,124,,,,,,false,1,,,,false,,false,,false,,,,false,,,,,,false,0,false,,,false,false,false,false,false,,false,,,false,,-1,,5396.06,nres://marker/00037-00079,nres://marker/00037-00203,,,,,222195,,,,,,,,,,,,,,,,,,,,,,,,,,,,,,,,,,,,,,,,,,,,,,,,,,,,,,,,,,,,,
46,77,1598229341,광주남구청 공원녹지과,062-607-3812,false,,1,"공공,사회기관",지방행정기관,222935,222937,1001012,광주광역시 남구 주월동 1284-1,광주광역시 남구 봉선로 1,주월동 1284-1,,<b>광주</b>남구청 <b>공원</b>녹지과,062-607-3812,0,aae2beb304c5a51de1fc72c10358570d,0,,s,1,1,126.9024020,35.1330039,8,false,z+/kOUcGN/swh1r3+Fga6g==,179.15,10.00,126.9023980,35.1332483,120,419fOerlGaZPpssr6cg/Kg==,-85.23,-30.00,126.9066696,35.1326447,124,,,,,,false,1,,,,false,,false,,false,,,,false,,,,,,false,0,false,,,false,false,false,false,false,,false,,,false,,-1,,5307.33,nres://marker/00063-00060,nres://marker/00063-00214,,,,,,광주 남구,봉선로 1,true,126.9027924,35.1326855,true,126.9020386,35.1331203,,,,,,,,,,,,,,,,,,,,,,,,,,,,,,,,,,,false,126.9026343,35.1332352,,,,,,,,,,,,,,,,
47,78,35118221,곤지암도자공원열기구체험,,false,,0,"도시,테마공원",부속시설,222117,222122,222170,경기도 광주시 곤지암읍 삼리,,,,곤지암도자<b>공원</b>열기구체험,,1,fabf0ef4e9594ee60f2a9d14dbb3a8f9,0,,s,1,1,127.3297693,37.3498758,12,false,G9i3Vq/m/QQFcOfUs9pOsA==,-66.55,10.00,127.3306736,37.3494829,120,,,,,,,,,,,,false,1,,,,false,,false,,false,,,,false,,,,,,false,0,false,,,false,false,false,false,false,,false,,,false,,-1,,245482.47,nres://marker/00058-00060,nres://marker/00058-00215,,,,,1000101,,,,,,,,,,,,,,,,,,,,,,,,,,,,,,,,,,,,,,,,,,,,,,,,,,,,,,,,,,,,,
48,79,16027869,월전공원,,false,,0,"여행,명소",근린공원,222117,222122,222170,광주광역시 광산구 장록동,,,,월전<b>공원</b>,,2,d4cb48a5f3c42cb2ac8a7510ba689af3,0,,s,1,1,126.7678545,35.1328939,12,false,MAxzcrWnVY20GUWSGIHepw==,87.46,0.41,126.7671375,35.1326303,80,,,,,,,,,,,,true,1,,,,false,,false,,false,,,,false,,,,,,false,0,false,,,false,false,false,false,false,,false,,,false,,-1,,10765.43,nres://marker/00060-00110,nres://marker/00060-00265,,,,,222195,,,,,,false,126.7681601,35.1308949,,,1,RELA,1.0,16027869,117.9926027,19.6944771,117.9926027,19.6944771,5,16027794,월전공원입구,입구,입구(사람),126.7681601,35.1308949,5,21192930,월전공원입구,입구,입구(사람),126.7681512,35.1338507,5,1354937600,월전공원입구,입구,입구(사람),126.7672947,35.1322588,,,,false,126.7681512,35.1338507,,,,false,126.7672947,35.1322588,,,,,,,,,,
49,80,16297151,하늘체육공원,,false,,0,지역명소,"도시,테마공원",222117,222122,222170,광주광역시 남구 봉선동,,,,하늘체육<b>공원</b>,,1,182408b6f3e815067fdd5aa5f08f7124,0,,s,1,1,126.9148006,35.1196491,12,false,,,,,,,HygdV31fRnd15BD4+yZTeA==,-122.05,-47.71,126.9152756,35.1199173,80,,,,,,false,1,,,,false,,false,,false,,,,false,,,,,,false,0,false,,,false,false,false,false,false,,false,,,false,,-1,,7158.01,nres://marker/00054-00096,nres://marker/00054-00237,,,,,231762,,,,,,,,,,,,,,,,,,,,,,,,,,,,,,,,,,,,,,,,,,,,,,,,,,,,,,,,,,,,,
