index,rank,id,name,tel,isCallLink,virtualTel,ppc,category/0,category/1,categoryPath/0/0,categoryPath/0/1,categoryPath/0/2,categoryPath/0/3,categoryPath/1/0,categoryPath/1/1,categoryPath/1/2,address,roadAddress,abbrAddress,shortAddress/0,shortAddress/1,display,telDisplay,context/0,context/1,reviewCount,ktCallMd,coupon,thumUrl,type,isSite,posExact,x,y,itemLevel,isAdultBusiness,streetPanorama/id,streetPanorama/pan,streetPanorama/tilt,streetPanorama/lng,streetPanorama/lat,streetPanorama/fov,skyPanorama/id,skyPanorama/pan,skyPanorama/tilt,skyPanorama/lng,skyPanorama/lat,skyPanorama/fov,insidePanorama,interiorPanorama,indoorPanorama,theme,poiInfo/relation/poiShapeType,poiInfo/relation/shapeKey/typeName,poiInfo/relation/shapeKey/wsid,poiInfo/relation/shapeKey/shapeID,poiInfo/relation/boundary/minX,poiInfo/relation/boundary/minY,poiInfo/relation/boundary/maxX,poiInfo/relation/boundary/maxY,poiInfo/relation/detail/0/type,poiInfo/relation/detail/0/sid,poiInfo/relation/detail/0/fullName,poiInfo/relation/detail/0/name,poiInfo/relation/detail/0/category,poiInfo/relation/detail/0/xPos,poiInfo/relation/detail/0/yPos,poiInfo/relation/detail/1/type,poiInfo/relation/detail/1/sid,poiInfo/relation/detail/1/fullName,poiInfo/relation/detail/1/name,poiInfo/relation/detail/1/category,poiInfo/relation/detail/1/xPos,poiInfo/relation/detail/1/yPos,poiInfo/hasRelation,poiInfo/road/poiShapeType,poiInfo/road/shapeKey,poiInfo/road/boundary,poiInfo/road/detail,poiInfo/hasRoad,poiInfo/land,poiInfo/hasLand,poiInfo/polygon,poiInfo/hasPolygon,homePage,description,entranceCoords/car/0/rep,entranceCoords/car/0/x,entranceCoords/car/0/y,entranceCoords/walk,isPollingPlace,bizhourInfo,menuInfo,petrolInfo,couponUrl,couponUrlMobile,hasCardBenefit,menuExist,hasNaverBooking,naverBookingUrl,naverEasyOrderUrl,hasNaverSmartOrder,reservationLabel/standard,reservationLabel/preOrder,reservationLabel/table,reservationLabel/takeout,reservation/benefit,hasBroadcastInfo,broadcastInfo,shopWindowInfo,hasNPay,carWash,parkingPrice,card,distance,marker,markerSelected,michelinGuide,indoor,markerLabel,subway,shortAddress,context/2,context/3,context/4,poiInfo/relation,entranceCoords,entranceCoords/walk/0/rep,entranceCoords/walk/0/x,entranceCoords/walk/0/y,categoryPath/1/3,entranceCoords/car/1/rep,entranceCoords/car/1/x,entranceCoords/car/1/y,entranceCoords/walk/1/rep,entranceCoords/walk/1/x,entranceCoords/walk/1/y,shortAddress/2,entranceCoords/car
0,1,30811953,맥도날드 광주동림DT점,070-7017-2451,false,,1,양식,햄버거,220036,220044,220138,222362,222606,222607,1004452,광주광역시 북구 동림동 900-41,광주광역시 북구 하남대로 635,동림동 900-41,광주 북구,하남대로 635,맥도날드 <b>광주</b>동림DT점,070-7017-2451,햄버거,불고기,73,df971fae6643c987c3c35ff6c7ee1b6b,0,http://blogfiles.naver.net/20141204_139/sh85park_1417663391339742Af_JPEG/image_%285%29.jpg#900x1200,s,1,1,126.8621049,35.1724545,10,false,JMdHrF0kMypJflWouyhyMg==,-9.48,10.00,126.8622057,35.1721941,120,++qAX6VbuuE2PCTik1Exzg==,101.61,-30.00,126.8608322,35.1726990,124,,,,,1,RELA,1.0,30811953,117.9926027,19.6944771,117.9926027,19.6944771,2,1009098745,맥도날드 광주동림DT점입구,입구,입구(사람+차량),126.8623396,35.1723391,3,1080492355,맥도날드 광주동림DT점출구,출구,출구(차량),126.8620442,35.1722951,true,1,,,,false,,false,,false,http://www.mcdonalds.co.kr/,,true,126.8623396,35.1723391,,false,매일 00:00~24:00,빅맥® 세트 변동가격(업주문의) | 맥스파이시® 상하이 버거 세트 변동가격(업주문의) | 1955 버거™ 세트 변동가격(업주문의) | 불고기 버거 세트 변동가격(업주문의) | 슈슈 버거 세트 변동가격(업주문의) | 베이컨 토마토 디럭스 세트 변동가격(업주문의),,,,false,1,false,,,false,false,false,false,false,,false,,,false,,-1,,1154.66,nres://marker/00063-00076,nres://marker/00063-00230,,,,,,,,,,,,,,,,,,,,,,
1,2,31372077,맥도날드 광주운암DT점,070-7017-6790,false,,1,양식,햄버거,220036,220044,220138,222362,222606,222607,1004452,광주광역시 북구 운암동 1078-2,광주광역시 북구 북문대로187번길 2,운암동 1078-2,광주 북구,북문대로187번길 2,맥도날드 <b>광주</b>운암DT점,070-7017-6790,,,37,65b150c526f691bc84db5a5c389dc62c,0,http://ldb.phinf.naver.net/20190402_135/1554164628801BbKsc_JPEG/4Pxh2-hGTWuAP1znMO2gXQXe.jpg,s,1,1,126.8701381,35.1849773,12,false,Tw52FtY0raSwe9BYjUHLXw==,-36.54,10.00,126.8702278,35.1848290,120,FtT6nZCvTUxF0CtR+Cub4w==,-72.24,-30.00,126.8713913,35.1845970,124,,,,,1,RELA,1.0,31372077,117.9926027,19.6944771,117.9926027,19.6944771,2,1634913142,맥도날드 광주운암DT점입구,입구,입구(사람+차량),126.8702533,35.1848960,3,1446657497,맥도날드 광주운암DT점출구,출구,출구(차량),126.8701097,35.1848120,true,1,,,,false,,false,,false,http://www.mcdonalds.co.kr/,,true,126.8702533,35.184896,,false,매일 07:00~02:00 연중무휴,빅맥® 세트 변동가격(업주문의) | 맥스파이시® 상하이 버거 세트 변동가격(업주문의) | 1955 버거™ 세트 변동가격(업주문의) | 불고기 버거 세트 변동가격(업주문의) | 슈슈 버거 세트 변동가격(업주문의) | 베이컨 토마토 디럭스 세트 변동가격(업주문의),,,,false,1,false,,,false,false,false,false,false,,false,,,false,,-1,,1192.31,nres://marker/00063-00076,nres://marker/00063-00230,,,,,,,,,,,,,,,,,,,,,,
2,3,31372076,맥도날드 광주쌍촌DT점,070-7017-6781,false,,1,양식,햄버거,220036,220044,220138,222362,222606,222607,1004452,광주광역시 서구 쌍촌동 964-20,,,,,맥도날드 <b>광주</b>쌍촌DT점,070-7017-6781,햄버거,드라이브,57,bf93f6ebe22c5a8729b7e7c96a75d69f,0,http://ldb.phinf.naver.net/20190131_251/15488784575412wNFp_JPEG/-ONIbOqNXoVpOGplOvUGXQ3v.jpg,s,1,1,126.8627160,35.1515120,12,false,2Ngg28o6ba81qn0ax1oFMg==,-16.10,10.00,126.8627857,35.1512704,120,4btkNi6UlMm6gkmyEkM2Pw==,81.21,-30.00,126.8605576,35.1511765,124,,,,,1,RELA,1.0,31372076,117.9926027,19.6944771,117.9926027,19.6944771,2,1945518907,맥도날드광주쌍촌DT점입구,입구,입구(사람+차량),126.8627528,35.1513710,3,1500065506,맥도날드광주쌍촌DT점출구,출구,출구(차량),126.8626294,35.1513546,true,1,,,,false,,false,,false,http://www.mcdonalds.co.kr/,,true,126.8627528,35.151371,,false,매일 00:00~24:00 연중무휴,빅맥® 세트 변동가격(업주문의) | 맥스파이시® 상하이 버거 세트 변동가격(업주문의) | 1955 버거™ 세트 변동가격(업주문의) | 불고기 버거 세트 변동가격(업주문의) | 슈슈 버거 세트 변동가격(업주문의) | 베이컨 토마토 디럭스 세트 변동가격(업주문의),,,,false,1,false,,,false,false,false,false,false,,false,,,false,,-1,,2809.30,nres://marker/00063-00076,nres://marker/00063-00230,,,,,,츄러스,아이스크림,치킨,,,,,,,,,,,,,,
3,4,37125799,스타벅스 광주운암DT점,1522-3232,false,,1,"카페,디저트",카페,220036,220052,220576,221275,220036,1003557,,광주광역시 북구 운암동 65-11,광주광역시 북구 북문대로 78,운암동 65-11,광주 북구,북문대로 78,스타벅스 <b>광주</b>운암DT점,1522-3232,카페,케이크,52,637e3c4dbe95a627242f3cedad1201fd,0,http://ldb.phinf.naver.net/20190828_93/1566953601239OT9MQ_PNG/xX7Wv642gXMoTI0DAv0hRymS.png,s,1,1,126.8784132,35.1776306,12,false,CtU5776g2hJ04OFJQFSKWw==,41.43,10.00,126.8782316,35.1774247,120,oQccjW09QsXiI+WBzlOhuw==,-129.23,-30.00,126.8789902,35.1781006,124,,,,,1,RELA,1.0,37125799,117.9926027,19.6944771,117.9926027,19.6944771,2,1196393653,스타벅스광주운암DT점입구,입구,입구(사람+차량),126.8783131,35.1774868,3,1202449908,스타벅스광주운암DT점출구,출구,출구(차량),126.8781906,35.1775782,true,1,,,,false,,false,,false,http://www.starbucks.co.kr/,,true,126.8783131,35.1774868,,false,화요일 07:00~21:00 | 수요일 07:00~21:00 | 목요일 07:00~21:00 | 금요일 07:00~21:00 | 토요일 08:00~21:00 | 일요일 08:00~21:00 | 월요일 07:00~21:00,"블랙 글레이즈드 라떼 6,100 | 헤이즐넛 오트 쇼콜라 5,900 | 애플 쿠키 라떼 5,900 | 애플 쿠키 크림 프라푸치노 6,100 | 카페 아메리카노 4,100 | 카페 라떼 4,600 | 디카페인 카페 라뗴 4,900 | 오늘의 커피 3,800 | 스타벅스 돌체 라떼 5,600 | 카라멜 마키아또 5,600 | 카푸치노 4,600 | 카페 모카 5,100 | 화이트 초콜릿 모카 5,600 | 콜드 브루 4,500 | 자몽 허니 블랙 티 5,300 | 아이스 자몽 허니 블랙 티 5,300 | 망고 바나나 블렌디드 6,300 | 에스프레소 프라푸치노 5,100 | 자바 칩 프라푸치노 6,100",,,,false,1,false,https://booking.naver.com/booking/6/bizes/392511,,true,false,true,false,true,,false,,,true,,-1,,474.24,nres://marker/00063-00038,nres://marker/00063-00191,,,,,,공연,,,,,,,,,,,,,,,,
4,5,1196393653,스타벅스 광주운암DT점입구,,false,,0,도로시설,방면정보,227616,227755,227813,227815,,,,광주광역시 북구 운암동,,,,,스타벅스 <b>광주</b>운암DT점입구,,,,0,0d4ad3739d77ee8be21a41120ff0433a,0,,s,1,1,126.8783130,35.1774867,12,false,CtU5776g2hJ04OFJQFSKWw==,52.72,10.00,126.8782316,35.1774247,120,a0lI94WVpg5vwi1HuuMZTg==,-66.00,-30.00,126.8791351,35.1771202,124,,,,,,,,,,,,,,,,,,,,,,,,,,,false,1,,,,false,,false,,false,,,,,,,false,,,,,,false,0,false,,,false,false,false,false,false,,false,,,false,,-1,,456.95,nres://marker/00063-00057,nres://marker/00063-00211,,,,,,,,,,,,,,,,,,,,,,
5,6,1202449908,스타벅스 광주운암DT점출구,,false,,0,도로시설,방면정보,227616,227755,227813,227817,,,,광주광역시 북구 운암동,,,,,스타벅스 <b>광주</b>운암DT점출구,,,,0,19d8e359b081db34963e8cfaca9869c4,0,,s,1,1,126.8781906,35.1775782,12,false,5sZJ6ufGTS1Bl5yYM202SQ==,27.72,10.00,126.8781443,35.1774900,120,oQccjW09QsXiI+WBzlOhuw==,-123.22,-30.00,126.8789902,35.1781006,124,,,,,,,,,,,,,,,,,,,,,,,,,,,false,1,,,,false,,false,,false,,,,,,,false,,,,,,false,0,false,,,false,false,false,false,false,,false,,,false,,-1,,455.15,nres://marker/00063-00058,nres://marker/00063-00212,,,,,,,,,,,,,,,,,,,,,,
6,7,1715464607,스타벅스 광주신세계DT점,1522-3232,false,,1,"카페,디저트",카페,220036,220052,220576,221275,220036,1003557,,광주광역시 서구 화정동 177-2,광주광역시 서구 죽봉대로 33,화정동 177-2,광주 서구,죽봉대로 33,스타벅스 <b>광주</b>신세계DT점,1522-3232,,,27,b9c33508769360e827a2f5f063ae7d45,0,http://ldb.phinf.naver.net/20190828_93/1566953601239OT9MQ_PNG/xX7Wv642gXMoTI0DAv0hRymS.png,s,1,1,126.8831000,35.1563000,12,false,dOPyOzn5vcQ8ix3lJEagOw==,-115.83,7.69,126.8830746,35.1564056,80,ncaQ6/PQ6oxoN9sxWcCIWg==,88.15,-30.00,126.8791656,35.1561699,124,,,,,,,,,,,,,,,,,,,,,,,,,,,false,1,,,,false,,false,,false,http://www.starbucks.co.kr/,,true,126.8829023,35.1564249,,false,목요일 07:00~22:00 | 금요일 07:00~22:00 | 토요일 08:00~22:00 | 일요일 08:00~22:00 | 월요일 07:00~22:00 | 화요일 07:00~22:00 | 수요일 08:00~21:00,"블랙 글레이즈드 라떼 6,100 | 헤이즐넛 오트 쇼콜라 5,900 | 애플 쿠키 라떼 5,900 | 애플 쿠키 크림 프라푸치노 6,100 | 카페 아메리카노 4,100 | 카페 라떼 4,600 | 디카페인 카페 라뗴 4,900 | 오늘의 커피 3,800 | 스타벅스 돌체 라떼 5,600 | 카라멜 마키아또 5,600 | 카푸치노 4,600 | 카페 모카 5,100 | 화이트 초콜릿 모카 5,600 | 콜드 브루 4,500 | 자몽 허니 블랙 티 5,300 | 아이스 자몽 허니 블랙 티 5,300 | 망고 바나나 블렌디드 6,300 | 에스프레소 프라푸치노 5,100 | 자바 칩 프라푸치노 6,100",,,,false,1,false,https://booking.naver.com/booking/6/bizes/391689,,true,false,true,false,true,,false,,,true,,-1,,2210.41,nres://marker/00063-00038,nres://marker/00063-00191,,,,,,,,,,,true,126.8829023,35.1564249,,,,,,,,,
7,8,32624768,롯데리아 광주운암DI점,062-523-0708,false,,1,양식,햄버거,220036,220044,220138,222365,222606,222607,1004380,광주광역시 북구 운암동 1059-18,광주광역시 북구 북문대로 177,운암동 1059-18,광주 북구,북문대로 177,롯데리아 <b>광주</b>운암DI점,062-523-0708,,,6,d80273b17312f48bb07ba88301469a0d,0,,s,1,1,126.8707400,35.1841007,12,false,H68hM+6Gt/tPggLuggKhlA==,-107.07,5.63,126.8709386,35.1841717,73,FtT6nZCvTUxF0CtR+Cub4w==,-127.37,-30.00,126.8713913,35.1845970,124,,,,,,,,,,,,,,,,,,,,,,,,,,,false,1,,,,false,,false,,false,http://www.lotteria.com/,,true,126.870931,35.183957,,false,매일 09:00~22:00 홈서비스 10:00~22:00,"NEW한우불고기(단품/세트) 6,500~8,200 | NEW모짜렐라인더버거 해쉬 4,500~6,100 | NEW모짜렐라인더버거 더블 5,300~6,900 | 트위스트감자 2,000 | AZ버거오리지널 6,200~7,200",,,,false,1,false,,,false,false,false,false,false,,false,,,false,,-1,,1082.34,nres://marker/00063-00076,nres://marker/00063-00230,,,,,,,,,,,true,126.870931,35.183957,1002043,false,126.870807,35.184212,false,126.870807,35.184212,,
8,9,31895812,엔제리너스 광주운암DT점,062-514-8827,false,,1,"카페,디저트",카페,220036,220052,220576,221285,222606,222607,1004380,광주광역시 북구 운암동 1059-18,광주광역시 북구 북문대로 177,운암동 1059-18,광주 북구,북문대로 177,엔제리너스 <b>광주</b>운암DT점,062-514-8827,,,15,779a38eb2f96bce5dedbedaa760585dd,0,http://ldb.phinf.naver.net/20150831_63/1441013041362yuH0r_JPEG/SUBMIT_1365026041527_31895812.jpg,s,1,1,126.8707272,35.1840529,12,false,H68hM+6Gt/tPggLuggKhlA==,-114.88,10.00,126.8709386,35.1841717,120,FtT6nZCvTUxF0CtR+Cub4w==,-128.18,-30.00,126.8713913,35.1845970,124,,,,,,,,,,,,,,,,,,,,,,,,,,,false,1,,,,false,,false,,false,http://www.angelinus.co.kr/,,true,126.870931,35.183957,,false,매일 09:00~00:00,"아메리카노 4,800 | 카페라떼 5,300 | 카푸치노 5,800 | 콜드브루 커피 5,000 | 아메리치노 5,600",,,,false,1,false,,,false,false,false,false,false,,false,,,false,,-1,,1077.66,nres://marker/00063-00038,nres://marker/00063-00191,,,,,,,,,,,true,126.870931,35.183957,1002043,false,126.870807,35.184212,false,126.870807,35.184212,,
9,10,33253057,엔제리너스커피 광주광천DT점,062-368-6004,false,,1,"카페,디저트",카페,220036,220052,220576,221285,,,,광주광역시 서구 광천동 41-1,광주광역시 서구 무진대로 933,광천동 41-1,광주 서구,무진대로 933,엔제리너스커피 <b>광주</b>광천DT점,062-368-6004,,,19,4054de85e6a88384058cc0aa36c6a274,0,http://ldb.phinf.naver.net/20200105_173/1578228590015YDJG3_JPEG/G6sN5poI_QmXc4tTkbcGOXud.jpeg.jpg,s,1,1,126.8825096,35.1617884,10,false,7wxi5gscotcuHdoEZSoARQ==,-18.62,19.88,126.8826206,35.1615385,28,XI1zYUaJ1UnRMqK2qAqRog==,90.19,-30.00,126.8791656,35.1617966,124,,,,,,,,,,,,,,,,,,,,,,,,,,,false,1,,,,false,,false,,false,http://www.angelinus.co.kr/,,,,,,false,매일 10:00~22:00,"아메리카노 4,800 | 카페라떼 5,300 | 카푸치노 5,800 | 콜드브루 커피 5,000 | 아메리치노 5,600",,,,false,1,false,,,false,false,false,false,false,,false,,,false,,-1,,1629.08,nres://marker/00063-00038,nres://marker/00063-00191,,,,,,,,,,,,,,,,,,,,,,
10,11,31526303,맥도날드 광주첨단DT점,070-7017-6465,false,,1,양식,햄버거,220036,220044,220138,222362,222606,222607,1004452,광주광역시 북구 용두동 311-15,광주광역시 북구 임방울대로 1048 광주첨단 맥도날드 D/T,용두동 311-15,광주 북구,임방울대로 1048,맥도날드 <b>광주</b>첨단DT점,070-7017-6465,햄버거,드라이브,36,bb0fca313de57e7988e3f978f281b749,0,http://ldb.phinf.naver.net/20191021_156/1571597573453Lq1vr_JPEG/55id9vosuuTwvlzYnXVadv3D.jpeg.jpg,s,1,1,126.8718313,35.2116707,12,false,kNVkq0gpCMJTUQGYIN2CUQ==,-145.17,10.00,126.8720382,35.2119671,120,DRC1kvG0yNTynLdxeCa0bw==,56.14,-30.00,126.8711090,35.2111855,124,,,,,1,RELA,1.0,31526303,117.9926027,19.6944771,117.9926027,19.6944771,2,1421642670,맥도날드 광주첨단DT점입구,입구,입구(사람+차량),126.8717037,35.2118678,3,1169521716,맥도날드 광주첨단DT점출구,출구,출구(차량),126.8719409,35.2117898,true,1,,,,false,,false,,false,http://www.mcdonalds.co.kr/,,true,126.8717037,35.2118678,,false,매일 07:00~02:00 연중무휴,빅맥® 세트 변동가격(업주문의) | 맥스파이시® 상하이 버거 세트 변동가격(업주문의) | 1955 버거™ 세트 변동가격(업주문의) | 불고기 버거 세트 변동가격(업주문의) | 슈슈 버거 세트 변동가격(업주문의) | 베이컨 토마토 디럭스 세트 변동가격(업주문의),,,,false,1,false,,,false,false,false,false,false,,false,,,false,,-1,,4103.56,nres://marker/00063-00076,nres://marker/00063-00230,,,,,,치킨,불고기,,,,,,,,,,,,,,광주첨단 맥도날드 D/T,
11,12,1368606319,스타벅스 광주신안DT점,1522-3232,false,,1,"카페,디저트",카페,220036,220052,220576,221275,220036,1003557,,광주광역시 북구 신안동 333,광주광역시 북구 서암대로 93,신안동 333,광주 북구,서암대로 93,스타벅스 <b>광주</b>신안DT점,1522-3232,,,43,c50da875b509a9c8387399b12232249c,0,http://ldb.phinf.naver.net/20190828_93/1566953601239OT9MQ_PNG/xX7Wv642gXMoTI0DAv0hRymS.png,s,1,1,126.8949980,35.1716780,12,false,ZBWp/y3qJtevTAzHLzO62A==,-17.13,5.44,126.8949445,35.1712330,80,m/O6qCpSL2vMD87ktHC5Ww==,-79.33,-30.00,126.8969421,35.1713104,124,,,,,,,,,,,,,,,,,,,,,,,,,,,false,1,,,,false,,false,,false,http://www.starbucks.co.kr/,,,,,,false,일요일 08:00~22:00 | 월요일 07:00~22:00 | 화요일 07:00~22:00 | 수요일 07:00~22:00 | 목요일 07:00~22:00 | 금요일 07:00~22:00 | 토요일 07:00~22:00,"블랙 글레이즈드 라떼 6,100 | 헤이즐넛 오트 쇼콜라 5,900 | 애플 쿠키 라떼 5,900 | 애플 쿠키 크림 프라푸치노 6,100 | 카페 아메리카노 4,100 | 카페 라떼 4,600 | 디카페인 카페 라뗴 4,900 | 오늘의 커피 3,800 | 스타벅스 돌체 라떼 5,600 | 카라멜 마키아또 5,600 | 카푸치노 4,600 | 카페 모카 5,100 | 화이트 초콜릿 모카 5,600 | 콜드 브루 4,500 | 자몽 허니 블랙 티 5,300 | 아이스 자몽 허니 블랙 티 5,300 | 망고 바나나 블렌디드 6,300 | 에스프레소 프라푸치노 5,100 | 자바 칩 프라푸치노 6,100",,,,false,1,false,https://booking.naver.com/booking/6/bizes/391602,,true,false,true,false,true,,false,,,true,,-1,,1902.38,nres://marker/00063-00038,nres://marker/00063-00191,,,,,,,,,,,,,,,,,,,,,,
12,13,37446202,KFC 광주용봉DT점,062-513-4350,false,,1,양식,햄버거,220036,220044,220138,222364,222606,222607,1004452,광주광역시 북구 용봉동 1413-1,광주광역시 북구 설죽로 270,용봉동 1413-1,광주 북구,설죽로 270,KFC <b>광주</b>용봉DT점,062-513-4350,에그타르트,치킨,38,4502147e0b5136ed87a9fa4a9367720b,0,http://ldb.phinf.naver.net/20151027_283/1445945753337E2WWE_JPEG/166977606572944_0.jpeg,s,1,1,126.8990397,35.1836306,12,false,iTSV58QJyJ8zml7eR5FnEA==,91.88,5.56,126.8987471,35.1836763,80,lnRNWUN1HS/NoC4g2ST5dQ==,77.96,-30.00,126.8969421,35.1831818,124,,,,,,,,,,,,,,,,,,,,,,,,,,,false,1,,,,false,,false,,false,,,true,126.8992,35.183763,,false,매일 10:30~23:00,"타워버거세트 7,500 | 타워버거 5,600 | 핫치즈징거버거세트 7,200 | 핫치즈징거버거 5,300 | 징거버거세트 6,600 | 징거버거 4,700 | 징거더블다운맥스세트 8,500 | 징거더블다운맥스 6,600 | 크리스피치킨세트 6,900 | 트위스터세트 5,500 | 트위스터 3,600 | 핫크리스피치킨 2,500 | 오리지널치킨 2,500",,,,false,1,false,https://booking.naver.com/booking/6/bizes/379476,,true,false,true,false,true,스마트주문으로 포장하면 매일 네이버 페이 1천 포인트 적립!(브랜드별 2번/5번/10번째 주문시 페이 포인트 6천원 추가 적립까지),false,,,true,,-1,,2440.32,nres://marker/00063-00076,nres://marker/00063-00230,,,,,,햄버거,불고기,,,,true,126.8992,35.183763,,,,,,,,,
13,14,37504812,롯데리아 광주농성DT점,062-365-5949,false,,1,양식,햄버거,220036,220044,220138,222365,222606,222607,1004380,광주광역시 서구 화정동 178-48,광주광역시 서구 죽봉대로 21-1,화정동 178-48,광주 서구,죽봉대로 21-1,롯데리아 <b>광주</b>농성DT점,062-365-5949,,,20,0c0c2a35ee24ff56883c3000488f4464,0,http://ldb.phinf.naver.net/20190131_35/1548926796476edRce_JPEG/icZjDMSraWOprF4iesZ_K3im.jpeg.jpg,s,1,1,126.8829821,35.1553126,12,false,+efmjRp1fO7/+jmx2SU6uQ==,-79.41,9.56,126.8832930,35.1552520,70,aV5ODv/D8AhPsR57tjlgFQ==,91.46,-30.00,126.8791656,35.1554070,124,,,,,,,,,,,,,,,,,,,,,,,,,,,false,1,,,,false,,false,,false,,,true,126.8831018,35.1554622,,false,,"NEW한우불고기(단품/세트) 6,500~8,200 | NEW모짜렐라인더버거 해쉬 4,500~6,100 | NEW모짜렐라인더버거 더블 5,300~6,900 | 트위스트감자 2,000 | AZ버거오리지널 6,200~7,200",,,,false,1,false,,https://talk.naver.com/ct/wcdd23,false,false,false,false,true,N페이 결제 시 1% 적립,false,,,true,,-1,,2309.81,nres://marker/00063-00076,nres://marker/00063-00230,,,,,,,,,,,,,,1002043,,,,,,,,
14,15,1849253839,스타벅스 광주화정DT점,1522-3232,false,,1,"카페,디저트",카페,220036,220052,220576,221275,220036,1003557,,광주광역시 서구 화정동 769-1,광주광역시 서구 상무대로 1080,화정동 769-1,광주 서구,상무대로 1080,스타벅스 <b>광주</b>화정DT점,1522-3232,,,58,faf121a46527dd701059743136fa8885,0,http://ldb.phinf.naver.net/20190828_93/1566953601239OT9MQ_PNG/xX7Wv642gXMoTI0DAv0hRymS.png,s,1,1,126.8799464,35.1522535,12,false,Mc4sGBVsDvabhhD0a28caQ==,154.79,10.00,126.8798483,35.1524613,120,3foPM8zCDA9tQFbssZpU5g==,69.10,-30.00,126.8792648,35.1519928,124,,,,,1,RELA,1.0,1849253839,117.9926027,19.6944771,117.9926027,19.6944771,2,1766315311,스타벅스 광주화정DT점입구,입구,입구(사람+차량),126.8798300,35.1523814,3,1742511002,스타벅스 광주화정DT점출구,출구,출구(차량),126.8801054,35.1522148,true,1,,,,false,,false,,false,http://www.starbucks.co.kr/,,true,126.87983,35.1523814,,false,목요일 07:00~23:00 | 금요일 07:00~23:00 | 토요일 08:00~23:00 | 일요일 08:00~23:00 | 월요일 07:00~23:00 | 화요일 07:00~23:00 | 수요일 08:00~22:00,"블랙 글레이즈드 라떼 6,100 | 헤이즐넛 오트 쇼콜라 5,900 | 애플 쿠키 라떼 5,900 | 애플 쿠키 크림 프라푸치노 6,100 | 카페 아메리카노 4,100 | 카페 라떼 4,600 | 디카페인 카페 라뗴 4,900 | 오늘의 커피 3,800 | 스타벅스 돌체 라떼 5,600 | 카라멜 마키아또 5,600 | 카푸치노 4,600 | 카페 모카 5,100 | 화이트 초콜릿 모카 5,600 | 콜드 브루 4,500 | 자몽 허니 블랙 티 5,300 | 아이스 자몽 허니 블랙 티 5,300 | 망고 바나나 블렌디드 6,300 | 에스프레소 프라푸치노 5,100 | 자바 칩 프라푸치노 6,100",,,,false,1,false,https://booking.naver.com/booking/6/bizes/391549,,true,false,true,false,true,,false,,,true,,-1,,2565.15,nres://marker/00063-00038,nres://marker/00063-00191,,,,,,,,,,,,,,,,,,,,,,
15,16,1481700776,투썸플레이스 광주쌍촌DT점,062-373-2388,false,,1,"카페,디저트",카페,220036,220052,220576,221238,222606,222607,1004452,"광주광역시 서구 쌍촌동 997-6 , 1층 투썸플레이스",광주광역시 서구 상무대로956번길 3,"쌍촌동 997-6 , 1층 투썸플레이스",광주 서구,상무대로956번길 3,투썸플레이스 <b>광주</b>쌍촌DT점,062-373-2388,,,64,4ecb832f7f969fcd9b6ff332871c6e02,0,,s,1,1,126.8666936,35.1512463,12,false,jEfiTcPbSV39pbNhkPrHiA==,170.40,28.81,126.8667228,35.1514214,80,4YIc92ycYZ5YG8g5YvfzPQ==,-97.42,-30.00,126.8711090,35.1518173,124,,,,,,,,,,,,,,,,,,,,,,,,,,,false,1,,,,false,,false,,false,,,true,126.866607,35.151096,,false,매일 07:00~23:00,"아메리카노 4,100 | 스트로베리초코생크림 29,000",,,,false,1,false,,,false,false,false,false,false,,false,,,false,,-1,,2721.19,nres://marker/00063-00038,nres://marker/00063-00191,,,,,,,,,,,true,126.866607,35.151096,,,,,,,,,
16,17,1666005895,스타벅스 광주연제DT점,1522-3232,false,,1,"카페,디저트",카페,220036,220052,220576,221275,220036,1003557,,광주광역시 북구 연제동 1088,광주광역시 북구 양일로18번길 2,연제동 1088,광주 북구,양일로18번길 2,스타벅스 <b>광주</b>연제DT점,1522-3232,,,24,34c2e4b6f945397718db17af96b99775,0,http://ldb.phinf.naver.net/20190828_93/1566953601239OT9MQ_PNG/xX7Wv642gXMoTI0DAv0hRymS.png,s,1,1,126.8668029,35.1976880,12,false,L2SpYB527GZJkPfyPF3FPw==,-104.85,0.93,126.8668826,35.1976503,100,1j+fUxgS7x7NK1K5IM0AoQ==,-80.60,-30.00,126.8708344,35.1970177,124,,,,,,,,,,,,,,,,,,,,,,,,,,,false,1,,,,false,,false,,false,http://www.starbucks.co.kr/,,,,,,false,목요일 07:00~22:00 | 금요일 07:00~22:00 | 토요일 07:00~22:00 | 일요일 07:00~22:00 | 월요일 07:00~22:00 | 화요일 07:00~22:00 | 수요일 07:00~22:00,"블랙 글레이즈드 라떼 6,100 | 헤이즐넛 오트 쇼콜라 5,900 | 애플 쿠키 라떼 5,900 | 애플 쿠키 크림 프라푸치노 6,100 | 카페 아메리카노 4,100 | 카페 라떼 4,600 | 디카페인 카페 라뗴 4,900 | 오늘의 커피 3,800 | 스타벅스 돌체 라떼 5,600 | 카라멜 마키아또 5,600 | 카푸치노 4,600 | 카페 모카 5,100 | 화이트 초콜릿 모카 5,600 | 콜드 브루 4,500 | 자몽 허니 블랙 티 5,300 | 아이스 자몽 허니 블랙 티 5,300 | 망고 바나나 블렌디드 6,300 | 에스프레소 프라푸치노 5,100 | 자바 칩 프라푸치노 6,100",,,,false,1,false,https://booking.naver.com/booking/6/bizes/391817,,true,false,true,false,true,,false,,,true,,-1,,2634.02,nres://marker/00063-00038,nres://marker/00063-00191,,,,,,,,,,,,,,,,,,,,,,
17,18,1009098745,맥도날드 광주동림DT점입구,,false,,0,도로시설,방면정보,227616,227755,227813,227815,,,,광주광역시 북구 동림동,,,,,맥도날드 <b>광주</b>동림DT점입구,,,,0,4cf019189f59a05b1bb17778833d9dbb,0,,s,1,1,126.8623395,35.1723390,12,false,dueaSkfvUTvRdM2XSQdKmw==,5.32,10.00,126.8623257,35.1721901,120,++qAX6VbuuE2PCTik1Exzg==,103.48,-30.00,126.8608322,35.1726990,124,,,,,,,,,,,,,,,,,,,,,,,,,,,false,1,,,,false,,false,,false,,,,,,,false,,,,,,false,0,false,,,false,false,false,false,false,,false,,,false,,-1,,1137.02,nres://marker/00063-00057,nres://marker/00063-00211,,,,,,,,,,,,,,,,,,,,,,
18,19,1080492355,맥도날드 광주동림DT점출구,,false,,0,도로시설,방면정보,227616,227755,227813,227817,,,,광주광역시 북구 동림동,,,,,맥도날드 <b>광주</b>동림DT점출구,,,,0,dff9613e1d7717b2139b00996c365251,0,,s,1,1,126.8620442,35.1722950,12,false,uhJrUR+au9IkKElAzqdwgA==,-25.37,10.00,126.8620897,35.1721991,120,++qAX6VbuuE2PCTik1Exzg==,108.49,-30.00,126.8608322,35.1726990,124,,,,,,,,,,,,,,,,,,,,,,,,,,,false,1,,,,false,,false,,false,,,,,,,false,,,,,,false,0,false,,,false,false,false,false,false,,false,,,false,,-1,,1164.26,nres://marker/00063-00058,nres://marker/00063-00212,,,,,,,,,,,,,,,,,,,,,,
19,20,1634913142,맥도날드 광주운암DT점입구,,false,,0,도로시설,방면정보,227616,227755,227813,227815,,,,광주광역시 북구 운암동,,,,,맥도날드 <b>광주</b>운암DT점입구,,,,0,94c67c9e7730790e632bd346f3597c2a,0,,s,1,1,126.8702532,35.1848959,12,false,2eDmKAKlOUJVpBF7tuN93A==,-79.52,10.00,126.8703286,35.1848820,120,FtT6nZCvTUxF0CtR+Cub4w==,-75.32,-30.00,126.8713913,35.1845970,124,,,,,,,,,,,,,,,,,,,,,,,,,,,false,1,,,,false,,false,,false,,,,,,,false,,,,,,false,0,false,,,false,false,false,false,false,,false,,,false,,-1,,1180.33,nres://marker/00063-00057,nres://marker/00063-00211,,,,,,,,,,,,,,,,,,,,,,
20,21,1446657497,맥도날드 광주운암DT점출구,,false,,0,도로시설,방면정보,227616,227755,227813,227817,,,,광주광역시 북구 운암동,,,,,맥도날드 <b>광주</b>운암DT점출구,,,,0,872092415e69505a6c198f765a401f48,0,,s,1,1,126.8701097,35.1848119,12,false,tgAUp4OxxBPsYjlwPr58Dg==,-27.75,10.00,126.8701312,35.1847711,120,FtT6nZCvTUxF0CtR+Cub4w==,-80.52,-30.00,126.8713913,35.1845970,124,,,,,,,,,,,,,,,,,,,,,,,,,,,false,1,,,,false,,false,,false,,,,,,,false,,,,,,false,0,false,,,false,false,false,false,false,,false,,,false,,-1,,1175.81,nres://marker/00063-00058,nres://marker/00063-00212,,,,,,,,,,,,,,,,,,,,,,
21,22,1236674442,스타벅스 광주매곡DT점,1522-3232,false,,1,"카페,디저트",카페,220036,220052,220576,221275,220036,1003557,,광주광역시 북구 매곡동 15,광주광역시 북구 설죽로 339,매곡동 15,광주 북구,설죽로 339,스타벅스 <b>광주</b>매곡DT점,1522-3232,,,75,e1fa02b94fc355f8cc988dcbc9349eb4,0,http://ldb.phinf.naver.net/20190828_93/1566953601239OT9MQ_PNG/xX7Wv642gXMoTI0DAv0hRymS.png,s,1,1,126.8986980,35.1898360,12,false,VmGZ24sLFWOA3aqG3DMmxg==,-76.12,3.75,126.8990337,35.1897624,90,ozoC3PW9k4DpoGITeote1Q==,21.31,-30.00,126.8969421,35.1853333,124,,,,,1,RELA,1.0,1236674442,117.9926027,19.6944771,117.9926027,19.6944771,2,1930414459,스타벅스광주매곡DT점입구,입구,입구(사람+차량),126.8989040,35.1898269,3,1170980583,스타벅스광주매곡DT점출구,출구,출구(차량),126.8988942,35.1897184,true,1,,,,false,,false,,false,http://www.starbucks.co.kr/,,true,126.898904,35.1898269,,false,수요일 07:00~22:00 | 목요일 07:00~22:00 | 금요일 07:00~22:00 | 토요일 07:00~22:00 | 일요일 08:00~22:00 | 월요일 07:00~22:00 | 화요일 07:00~22:00,"블랙 글레이즈드 라떼 6,100 | 헤이즐넛 오트 쇼콜라 5,900 | 애플 쿠키 라떼 5,900 | 애플 쿠키 크림 프라푸치노 6,100 | 카페 아메리카노 4,100 | 카페 라떼 4,600 | 디카페인 카페 라뗴 4,900 | 오늘의 커피 3,800 | 스타벅스 돌체 라떼 5,600 | 카라멜 마키아또 5,600 | 카푸치노 4,600 | 카페 모카 5,100 | 화이트 초콜릿 모카 5,600 | 콜드 브루 4,500 | 자몽 허니 블랙 티 5,300 | 아이스 자몽 허니 블랙 티 5,300 | 망고 바나나 블렌디드 6,300 | 에스프레소 프라푸치노 5,100 | 자바 칩 프라푸치노 6,100",,,,false,1,false,https://booking.naver.com/booking/6/bizes/391469,,true,false,true,false,true,,false,,,true,,-1,,2764.37,nres://marker/00063-00038,nres://marker/00063-00191,,,,,,,,,,,,,,,,,,,,,,
22,23,16183216,맥도날드 용봉DT점,070-7017-0420,false,,1,양식,햄버거,220036,220044,220138,222362,222606,222607,1004452,광주광역시 북구 용봉동 1130-8,광주광역시 북구 설죽로 283,용봉동 1130-8,광주 북구,설죽로 283,맥도날드 용봉DT점,070-7017-0420,햄버거,드라이브,36,d119b295a67588e98e037d7520cc8d5e,0,http://blogfiles.naver.net/20140906_265/eunji0362_1409984209076qoalP_JPEG/0131addd1bfc4ec42dc5d2a3f56e5a71c8cae4b076.jpg#900x675,s,1,1,126.8982307,35.1851078,12,false,o2Vcuc32c3K3hYMf/hg7XA==,-99.77,10.00,126.8985075,35.1852149,120,ozoC3PW9k4DpoGITeote1Q==,97.04,-30.00,126.8969421,35.1853333,124,,,,,,,,,,,,,,,,,,,,,,,,,,,false,1,,,,false,,false,,false,http://www.mcdonalds.co.kr/,,true,126.8983145,35.1854044,,false,매일 00:00~24:00 연중무휴,빅맥® 세트 변동가격(업주문의) | 맥스파이시® 상하이 버거 세트 변동가격(업주문의) | 1955 버거™ 세트 변동가격(업주문의) | 불고기 버거 세트 변동가격(업주문의) | 슈슈 버거 세트 변동가격(업주문의) | 베이컨 토마토 디럭스 세트 변동가격(업주문의),,,,false,1,false,,,false,false,false,false,false,,false,,,false,,-1,,2445.25,nres://marker/00063-00076,nres://marker/00063-00230,,,,,,불고기,,,,,,,,,,,,,,,,
23,24,1417631852,스타벅스 광주신안DT점출구,,false,,0,도로시설,방면정보,227616,227755,227813,227817,,,,광주광역시 북구 신안동,,,,,스타벅스 <b>광주</b>신안DT점출구,,,,0,d023d620ccccd6ae34402e6d41a2b440,0,,s,1,1,126.8945304,35.1714401,12,false,C/gzSfJhELyELTfa0PMC9A==,11.32,10.00,126.8945130,35.1713530,120,m/O6qCpSL2vMD87ktHC5Ww==,-86.97,-30.00,126.8969421,35.1713104,124,,,,,,,,,,,,,,,,,,,,,,,,,,,false,1,,,,false,,false,,false,,,,,,,false,,,,,,false,0,false,,,false,false,false,false,false,,false,,,false,,-1,,1865.83,nres://marker/00063-00058,nres://marker/00063-00212,,,,,,,,,,,,,,,,,,,,,,
24,25,1327706921,스타벅스 광주신세계DT점입구,,false,,0,도로시설,방면정보,227616,227755,227813,227816,,,,광주광역시 서구 화정동,,,,,스타벅스 <b>광주</b>신세계DT점입구,,,,0,220d7c1bb48e157bdf071428c9efa407,0,,s,1,1,126.8829022,35.1564249,12,false,pmMDHwOFc5N30vnB+3FO5g==,-112.43,10.00,126.8830565,35.1564884,120,ncaQ6/PQ6oxoN9sxWcCIWg==,86.14,-30.00,126.8791656,35.1561699,124,,,,,,,,,,,,,,,,,,,,,,,,,,,false,1,,,,false,,false,,false,,,,,,,false,,,,,,false,0,false,,,false,false,false,false,false,,false,,,false,,-1,,2191.04,nres://marker/00063-00058,nres://marker/00063-00212,,,,,,,,,,,,,,,,,,,,,,
25,26,1751736860,스타벅스 광주상무DT점,1522-3232,false,,1,"카페,디저트",카페,220036,220052,220576,221275,220036,1003557,,광주광역시 서구 쌍촌동 973-9,광주광역시 서구 상무대로 847,쌍촌동 973-9,광주 서구,상무대로 847,스타벅스 <b>광주</b>상무DT점,1522-3232,,,44,bcee5f2b97b51add4d92831c86dbf74c,0,http://ldb.phinf.naver.net/20190828_93/1566953601239OT9MQ_PNG/xX7Wv642gXMoTI0DAv0hRymS.png,s,1,1,126.8550000,35.1502000,12,false,7wH/GfOV1uc11esLhGpq3A==,2.69,10.00,126.8549817,35.1498108,120,ZmZvHamA8KYyagG8cVsbMg==,86.54,-30.00,126.8519440,35.1500130,124,,,,,1,RELA,1.0,1751736860,117.9926027,19.6944771,117.9926027,19.6944771,2,1617097572,스타벅스광주상무DT점입구,입구,입구(사람+차량),126.8550333,35.1499091,3,1314671959,스타벅스광주상무DT점출구,출구,출구(차량),126.8547871,35.1498279,true,1,,,,false,,false,,false,http://www.starbucks.co.kr/,,true,126.8550333,35.1499091,,false,목요일 07:00~21:00 | 금요일 07:00~21:00 | 토요일 08:00~21:00 | 일요일 08:00~21:00 | 월요일 07:00~21:00 | 화요일 07:00~21:00 | 수요일 08:00~21:00,"블랙 글레이즈드 라떼 6,100 | 헤이즐넛 오트 쇼콜라 5,900 | 애플 쿠키 라떼 5,900 | 애플 쿠키 크림 프라푸치노 6,100 | 카페 아메리카노 4,100 | 카페 라떼 4,600 | 디카페인 카페 라뗴 4,900 | 오늘의 커피 3,800 | 스타벅스 돌체 라떼 5,600 | 카라멜 마키아또 5,600 | 카푸치노 4,600 | 카페 모카 5,100 | 화이트 초콜릿 모카 5,600 | 콜드 브루 4,500 | 자몽 허니 블랙 티 5,300 | 아이스 자몽 허니 블랙 티 5,300 | 망고 바나나 블렌디드 6,300 | 에스프레소 프라푸치노 5,100 | 자바 칩 프라푸치노 6,100",,,,false,1,false,https://booking.naver.com/booking/6/bizes/391691,,true,false,true,false,true,,false,,,true,,-1,,3265.63,nres://marker/00063-00038,nres://marker/00063-00191,,,,,,,,,,,,,,,,,,,,,,
26,27,1023038219,롯데리아 광주농성DT점입구,,false,,0,도로시설,방면정보,227616,227755,227813,227815,,,,광주광역시 서구 화정동,,,,,롯데리아 <b>광주</b>농성DT점입구,,,,0,c79baef1291c57a41331bb2349c11167,0,,s,1,1,126.8831018,35.1554622,12,false,l4O6mylKyrdD2wpDsRe+Dg==,-83.44,10.00,126.8832487,35.1554452,120,aV5ODv/D8AhPsR57tjlgFQ==,89.24,-30.00,126.8791656,35.1554070,124,,,,,,,,,,,,,,,,,,,,,,,,,,,false,1,,,,false,,false,,false,,,,,,,false,,,,,,false,0,false,,,false,false,false,false,false,,false,,,false,,-1,,2297.84,nres://marker/00063-00057,nres://marker/00063-00211,,,,,,,,,,,,,,,,,,,,,,
27,28,1766315311,스타벅스 광주화정DT점입구,,false,,0,도로시설,방면정보,227616,227755,227813,227815,,,,광주광역시 서구 화정동,,,,,스타벅스 <b>광주</b>화정DT점입구,,,,0,d9e6d04ade5b4c4f676caf19eeeefca9,0,,s,1,1,126.8798299,35.1523814,12,false,Mc4sGBVsDvabhhD0a28caQ==,-167.17,10.00,126.8798483,35.1524613,120,3foPM8zCDA9tQFbssZpU5g==,55.52,-30.00,126.8792648,35.1519928,124,,,,,,,,,,,,,,,,,,,,,,,,,,,false,1,,,,false,,false,,false,,,,,,,false,,,,,,false,0,false,,,false,false,false,false,false,,false,,,false,,-1,,2549.14,nres://marker/00063-00057,nres://marker/00063-00211,,,,,,,,,,,,,,,,,,,,,,
28,29,1742511002,스타벅스 광주화정DT점출구,,false,,0,도로시설,방면정보,227616,227755,227813,227817,,,,광주광역시 서구 화정동,,,,,스타벅스 <b>광주</b>화정DT점출구,,,,0,e0210fd4146a318f53f0add74fdf55f9,0,,s,1,1,126.8801054,35.1522148,12,false,o7m1A5Tsq8tO3sM4+NzHkg==,-128.71,10.00,126.8801543,35.1522539,120,3foPM8zCDA9tQFbssZpU5g==,75.24,-30.00,126.8792648,35.1519928,124,,,,,,,,,,,,,,,,,,,,,,,,,,,false,1,,,,false,,false,,false,,,,,,,false,,,,,,false,0,false,,,false,false,false,false,false,,false,,,false,,-1,,2572.23,nres://marker/00063-00058,nres://marker/00063-00212,,,,,,,,,,,,,,,,,,,,,,
29,30,1930414459,스타벅스 광주매곡DT점입구,,false,,0,도로시설,방면정보,227616,227755,227813,227815,,,,광주광역시 북구 매곡동,,,,,스타벅스 <b>광주</b>매곡DT점입구,,,,0,9716dd1f8adf26f73b0e868e14050c87,0,,s,1,1,126.8989040,35.1898268,12,false,atLp/yE87gkhjf679Im7BA==,-103.01,10.00,126.8990437,35.1898590,120,ozoC3PW9k4DpoGITeote1Q==,23.60,-30.00,126.8969421,35.1853333,124,,,,,,,,,,,,,,,,,,,,,,,,,,,false,1,,,,false,,false,,false,,,,,,,false,,,,,,false,0,false,,,false,false,false,false,false,,false,,,false,,-1,,2778.73,nres://marker/00063-00057,nres://marker/00063-00211,,,,,,,,,,,,,,,,,,,,,,
30,31,35608994,맥도날드 광주월산DT점,070-7209-0573,false,,1,양식,햄버거,220036,220044,220138,222362,,,,광주광역시 남구 월산동 951-3,광주광역시 남구 대남대로 393,월산동 951-3,광주 남구,대남대로 393,맥도날드 <b>광주</b>월산DT점,070-7209-0573,햄버거,불고기,44,c5e3170e2f17ffcf79e34013b078dd9b,0,http://blogfiles.naver.net/20160225_212/lth0720_1456403396520aV9kK_JPEG/20160121_173333.jpg#740x416,s,1,1,126.8898081,35.1459244,12,false,4oamHHeqdjbQT/hFO+xlUg==,-123.11,15.50,126.8899224,35.1460728,80,6yTrgwCehDhRBz5Cwy6X3w==,20.95,-30.00,126.8897247,35.1457062,124,,,,,1,RELA,1.0,35608994,117.9926027,19.6944771,117.9926027,19.6944771,2,1814785592,맥도날드 광주월산DT점입구,입구,입구(사람+차량),126.8898112,35.1460212,3,1823900964,맥도날드 광주월산DT점출구,출구,출구(차량),126.8899289,35.1458677,true,1,,,,false,,false,,false,,,true,126.8898112,35.1460212,,false,매일 00:00~24:00 연중무휴,빅맥® 세트 변동가격(업주문의) | 맥스파이시® 상하이 버거 세트 변동가격(업주문의) | 1955 버거™ 세트 변동가격(업주문의) | 불고기 버거 세트 변동가격(업주문의) | 슈슈 버거 세트 변동가격(업주문의) | 베이컨 토마토 디럭스 세트 변동가격(업주문의),,,,false,1,false,,,false,false,false,false,false,,false,,,false,,-1,,3510.38,nres://marker/00063-00076,nres://marker/00063-00230,,,,,,,,,,,,,,,,,,,,,,
31,32,1945518907,맥도날드광주쌍촌DT점입구,,false,,0,도로시설,방면정보,227616,227755,227813,227815,,,,광주광역시 서구 쌍촌동,,,,,맥도날드<b>광주</b>쌍촌DT점입구,,,,0,e9678299ddec4332ad2fb8db27ac178f,0,,s,1,1,126.8627527,35.1513709,12,false,2Ngg28o6ba81qn0ax1oFMg==,-18.14,10.00,126.8627857,35.1512704,120,4btkNi6UlMm6gkmyEkM2Pw==,84.98,-30.00,126.8605576,35.1511765,124,,,,,,,,,,,,,,,,,,,,,,,,,,,false,1,,,,false,,false,,false,,,,,,,false,,,,,,false,0,false,,,false,false,false,false,false,,false,,,false,,-1,,2822.57,nres://marker/00063-00057,nres://marker/00063-00211,,,,,,,,,,,,,,,,,,,,,,
32,33,1170980583,스타벅스 광주매곡DT점출구,,false,,0,도로시설,방면정보,227616,227755,227813,227817,,,,광주광역시 북구 매곡동,,,,,스타벅스 <b>광주</b>매곡DT점출구,,,,0,d52d4f96088e675130c7f503e2134ba1,0,,s,1,1,126.8988941,35.1897183,12,false,6kuZiBfpl4ACD2Ck0SaPiA==,-67.97,10.00,126.8990239,35.1896658,120,ozoC3PW9k4DpoGITeote1Q==,24.01,-30.00,126.8969421,35.1853333,124,,,,,,,,,,,,,,,,,,,,,,,,,,,false,1,,,,false,,false,,false,,,,,,,false,,,,,,false,0,false,,,false,false,false,false,false,,false,,,false,,-1,,2770.78,nres://marker/00063-00058,nres://marker/00063-00212,,,,,,,,,,,,,,,,,,,,,,
33,34,1220434048,스타벅스 광주월산DT점,1522-3232,false,,1,"카페,디저트",카페,220036,220052,220576,221275,220036,1003557,,광주광역시 남구 월산동 963-3,광주광역시 남구 대남대로 386,월산동 963-3,광주 남구,대남대로 386,스타벅스 <b>광주</b>월산DT점,1522-3232,,,32,23002eced5541de011fa65bddb9476de,0,http://ldb.phinf.naver.net/20190828_93/1566953601239OT9MQ_PNG/xX7Wv642gXMoTI0DAv0hRymS.png,s,1,1,126.8907940,35.1455160,12,false,1STie8xjtAgDykAA76cB/Q==,78.13,10.00,126.8906252,35.1454804,120,6yTrgwCehDhRBz5Cwy6X3w==,100.14,-30.00,126.8897247,35.1457062,124,,,,,,,,,,,,,,,,,,,,,,,,,,,false,1,,,,false,,false,,false,http://www.starbucks.co.kr/,,,,,,false,목요일 07:00~22:00 | 금요일 07:00~22:00 | 토요일 08:00~22:00 | 일요일 08:00~22:00 | 월요일 07:00~22:00 | 화요일 07:00~22:00 | 수요일 08:00~21:00,"블랙 글레이즈드 라떼 6,100 | 헤이즐넛 오트 쇼콜라 5,900 | 애플 쿠키 라떼 5,900 | 애플 쿠키 크림 프라푸치노 6,100 | 카페 아메리카노 4,100 | 카페 라떼 4,600 | 디카페인 카페 라뗴 4,900 | 오늘의 커피 3,800 | 스타벅스 돌체 라떼 5,600 | 카라멜 마키아또 5,600 | 카푸치노 4,600 | 카페 모카 5,100 | 화이트 초콜릿 모카 5,600 | 콜드 브루 4,500 | 자몽 허니 블랙 티 5,300 | 아이스 자몽 허니 블랙 티 5,300 | 망고 바나나 블렌디드 6,300 | 에스프레소 프라푸치노 5,100 | 자바 칩 프라푸치노 6,100",,,,false,1,false,https://booking.naver.com/booking/6/bizes/391727,,true,false,true,false,true,,false,,,true,,-1,,3588.36,nres://marker/00063-00038,nres://marker/00063-00191,,,,,,,,,,,,,,,,,,,,,,
34,35,1500065506,맥도날드광주쌍촌DT점출구,,false,,0,도로시설,방면정보,227616,227755,227813,227817,,,,광주광역시 서구 쌍촌동,,,,,맥도날드<b>광주</b>쌍촌DT점출구,,,,0,28d390fa081fbd81bbf9e9289aa42a12,0,,s,1,1,126.8626293,35.1513545,12,false,YSI1g7WZUSjrhriKW1hbRg==,-21.60,10.00,126.8626698,35.1512525,120,4btkNi6UlMm6gkmyEkM2Pw==,85.13,-30.00,126.8605576,35.1511765,124,,,,,,,,,,,,,,,,,,,,,,,,,,,false,1,,,,false,,false,,false,,,,,,,false,,,,,,false,0,false,,,false,false,false,false,false,,false,,,false,,-1,,2828.51,nres://marker/00063-00058,nres://marker/00063-00212,,,,,,,,,,,,,,,,,,,,,,
35,36,36690414,스타벅스 광주금호DT점,1522-3232,false,,1,"카페,디저트",카페,220036,220052,220576,221275,220036,1003557,,광주광역시 서구 쌍촌동 902-13,광주광역시 서구 운천로109번길 1,쌍촌동 902-13,광주 서구,운천로109번길 1,스타벅스 <b>광주</b>금호DT점,1522-3232,드라이브,카페,115,ebcad733a975f8f3568fd4b5977185db,0,http://ldb.phinf.naver.net/20190828_93/1566953601239OT9MQ_PNG/xX7Wv642gXMoTI0DAv0hRymS.png,s,1,1,126.8576645,35.1421126,12,false,yqSz4tM9vsIXsq6somtGDg==,-114.56,14.31,126.8579764,35.1422658,80,juHOwckeme2YNNyrvoJaSA==,-93.37,-30.00,126.8605576,35.1422806,124,,,,,1,RELA,1.0,36690414,117.9926027,19.6944771,117.9926027,19.6944771,1,1412377837,스타벅스 광주금호DT점입구,입구,입구(사람+차량),126.8578424,35.1422707,3,1748412131,스타벅스 광주금호DT점출구,출구,출구(차량),126.8579202,35.1420982,true,1,,,,false,,false,,false,http://www.starbucks.co.kr/,,true,126.8578424,35.1422707,,false,목요일 07:00~23:00 | 금요일 07:00~23:00 | 토요일 07:00~23:00 | 일요일 07:00~23:00 | 월요일 07:00~23:00 | 화요일 07:00~23:00 | 수요일 08:00~22:00,"블랙 글레이즈드 라떼 6,100 | 헤이즐넛 오트 쇼콜라 5,900 | 애플 쿠키 라떼 5,900 | 애플 쿠키 크림 프라푸치노 6,100 | 카페 아메리카노 4,100 | 카페 라떼 4,600 | 디카페인 카페 라뗴 4,900 | 오늘의 커피 3,800 | 스타벅스 돌체 라떼 5,600 | 카라멜 마키아또 5,600 | 카푸치노 4,600 | 카페 모카 5,100 | 화이트 초콜릿 모카 5,600 | 콜드 브루 4,500 | 자몽 허니 블랙 티 5,300 | 아이스 자몽 허니 블랙 티 5,300 | 망고 바나나 블렌디드 6,300 | 에스프레소 프라푸치노 5,100 | 자바 칩 프라푸치노 6,100",,,,false,1,false,https://booking.naver.com/booking/6/bizes/392469,,true,false,true,false,true,,false,,,true,,-1,,3951.68,nres://marker/00063-00038,nres://marker/00063-00191,,,,,,케이크,저수지,젤리,,,true,126.8578424,35.1422707,,,,,,,,,
36,37,1617097572,스타벅스 광주상무DT점입구,,false,,0,도로시설,방면정보,227616,227755,227813,227815,,,,광주광역시 서구 쌍촌동,,,,,스타벅스 <b>광주</b>상무DT점입구,,,,0,1c52ef0b658c84ee40373d305457dd69,0,,s,1,1,126.8550333,35.1499091,12,false,9WjrNafSUxVjzJNtnQjkoA==,-42.44,10.00,126.8550901,35.1498470,120,ZmZvHamA8KYyagG8cVsbMg==,91.97,-30.00,126.8519440,35.1500130,124,,,,,,,,,,,,,,,,,,,,,,,,,,,false,1,,,,false,,false,,false,,,,,,,false,,,,,,false,0,false,,,false,false,false,false,false,,false,,,false,,-1,,3291.26,nres://marker/00063-00057,nres://marker/00063-00211,,,,,,,,,,,,,,,,,,,,,,
37,38,1314671959,스타벅스 광주상무DT점출구,,false,,0,도로시설,방면정보,227616,227755,227813,227817,,,,광주광역시 서구 쌍촌동,,,,,스타벅스 <b>광주</b>상무DT점출구,,,,0,b33c4e846089adf6c264bf74c71f7a86,0,,s,1,1,126.8547870,35.1498278,12,false,52anW2FSbNifmQI7sPlkeg==,-57.92,10.00,126.8548737,35.1497735,120,ZmZvHamA8KYyagG8cVsbMg==,93.77,-30.00,126.8519440,35.1500130,124,,,,,,,,,,,,,,,,,,,,,,,,,,,false,1,,,,false,,false,,false,,,,,,,false,,,,,,false,0,false,,,false,false,false,false,false,,false,,,false,,-1,,3310.95,nres://marker/00063-00058,nres://marker/00063-00212,,,,,,,,,,,,,,,,,,,,,,
38,39,36202646,스타벅스 광주신가DT점,1522-3232,false,,1,"카페,디저트",카페,220036,220052,220576,221275,220036,1003557,,광주광역시 광산구 신가동 706-1,광주광역시 광산구 목련로 335,신가동 706-1,광주 광산구,목련로 335,스타벅스 <b>광주</b>신가DT점,1522-3232,드라이브,카페,72,4116f89f9c56e00b628b57644cb0c5b2,0,http://ldb.phinf.naver.net/20190828_93/1566953601239OT9MQ_PNG/xX7Wv642gXMoTI0DAv0hRymS.png,s,1,1,126.8301259,35.1790467,12,false,dn3ZreE3wJ9vYVN8z5/DMA==,-66.95,10.00,126.8303068,35.1789696,120,o8Xlrphpb2MosvtyWCfEKw==,-86.11,-30.00,126.8352814,35.1786919,124,,,,,1,RELA,1.0,36202646,117.9926027,19.6944771,117.9926027,19.6944771,2,1213607992,스타벅스 광주신가DT점입구,입구,입구(사람+차량),126.8303110,35.1791610,3,1140586347,스타벅스 광주신가DT점출구,출구,출구(차량),126.8300119,35.1789796,true,1,,,,false,,false,,false,http://www.starbucks.co.kr/,,true,126.830311,35.179161,,false,화요일 07:00~21:00 | 수요일 07:00~21:00 | 목요일 07:00~21:00 | 금요일 07:00~21:00 | 토요일 08:00~21:00 | 일요일 08:00~21:00 | 월요일 07:00~21:00,"블랙 글레이즈드 라떼 6,100 | 헤이즐넛 오트 쇼콜라 5,900 | 애플 쿠키 라떼 5,900 | 애플 쿠키 크림 프라푸치노 6,100 | 카페 아메리카노 4,100 | 카페 라떼 4,600 | 디카페인 카페 라뗴 4,900 | 오늘의 커피 3,800 | 스타벅스 돌체 라떼 5,600 | 카라멜 마키아또 5,600 | 카푸치노 4,600 | 카페 모카 5,100 | 화이트 초콜릿 모카 5,600 | 콜드 브루 4,500 | 자몽 허니 블랙 티 5,300 | 아이스 자몽 허니 블랙 티 5,300 | 망고 바나나 블렌디드 6,300 | 에스프레소 프라푸치노 5,100 | 자바 칩 프라푸치노 6,100",,,,false,1,false,https://booking.naver.com/booking/6/bizes/392421,,true,false,true,false,true,,false,,,true,,-1,,4058.98,nres://marker/00063-00038,nres://marker/00063-00191,,,,,,케이크,초콜릿,한지,,,,,,,,,,,,,,
39,40,36786062,스타벅스 광주용두DT점,1522-3232,false,,1,"카페,디저트",카페,220036,220052,220576,221275,220036,1003557,,광주광역시 북구 신용동 산41-19,,,,,스타벅스 <b>광주</b>용두DT점,1522-3232,카페,드라이브,58,0261c7fecf00bbe033486493e8dd0271,0,http://ldb.phinf.naver.net/20190828_93/1566953601239OT9MQ_PNG/xX7Wv642gXMoTI0DAv0hRymS.png,s,1,1,126.8684849,35.2128369,12,false,o4nvvsXicLGANkf4HJwQTg==,-0.80,10.00,126.8684880,35.2126220,120,cnd2gDq1iB7oKaNTYOJNrg==,-85.89,-30.00,126.8711090,35.2126465,124,,,,,1,RELA,1.0,36786062,117.9926027,19.6944771,117.9926027,19.6944771,1,1744758214,스타벅스 광주용두DT점입구,입구,입구(사람+차량),126.8683649,35.2129803,3,1603950745,스타벅스 광주용두DT점출구,출구,출구(차량),126.8687106,35.2128747,true,1,,,,false,,false,,false,http://www.starbucks.co.kr/,,true,126.8683649,35.2129803,,false,목요일 07:00~22:00 | 금요일 07:00~22:00 | 토요일 07:00~22:00 | 일요일 08:00~22:00 | 월요일 07:00~22:00 | 화요일 07:00~22:00 | 수요일 07:00~22:00,"블랙 글레이즈드 라떼 6,100 | 헤이즐넛 오트 쇼콜라 5,900 | 애플 쿠키 라떼 5,900 | 애플 쿠키 크림 프라푸치노 6,100 | 카페 아메리카노 4,100 | 카페 라떼 4,600 | 디카페인 카페 라뗴 4,900 | 오늘의 커피 3,800 | 스타벅스 돌체 라떼 5,600 | 카라멜 마키아또 5,600 | 카푸치노 4,600 | 카페 모카 5,100 | 화이트 초콜릿 모카 5,600 | 콜드 브루 4,500 | 자몽 허니 블랙 티 5,300 | 아이스 자몽 허니 블랙 티 5,300 | 망고 바나나 블렌디드 6,300 | 에스프레소 프라푸치노 5,100 | 자바 칩 프라푸치노 6,100",,,,false,1,false,https://booking.naver.com/booking/6/bizes/392473,,true,false,true,false,true,,false,,,true,,-1,,4261.11,nres://marker/00063-00038,nres://marker/00063-00191,,,,,,케이크,데이트,,,,true,126.8683649,35.2129803,,,,,,,,,
40,41,1814785592,맥도날드 광주월산DT점입구,,false,,0,도로시설,방면정보,227616,227755,227813,227815,,,,광주광역시 남구 월산동,,,,,맥도날드 <b>광주</b>월산DT점입구,,,,0,09b0c8ddfffbbe95cf60359f575ab3bd,0,,s,1,1,126.8898112,35.1460212,12,false,4oamHHeqdjbQT/hFO+xlUg==,-114.95,10.00,126.8899224,35.1460728,120,6yTrgwCehDhRBz5Cwy6X3w==,15.37,-30.00,126.8897247,35.1457062,124,,,,,,,,,,,,,,,,,,,,,,,,,,,false,1,,,,false,,false,,false,,,,,,,false,,,,,,false,0,false,,,false,false,false,false,false,,false,,,false,,-1,,3500.61,nres://marker/00063-00057,nres://marker/00063-00211,,,,,,,,,,,,,,,,,,,,,,
41,42,1823900964,맥도날드 광주월산DT점출구,,false,,0,도로시설,방면정보,227616,227755,227813,227817,,,,광주광역시 남구 월산동,,,,,맥도날드 <b>광주</b>월산DT점출구,,,,0,df9ffbed1c31cf030c3eb7da03b9f4be,0,,s,1,1,126.8899288,35.1458676,12,false,c5iZCkqFZhv9jHpaS82iOQ==,-109.31,10.00,126.8900466,35.1459088,120,6yTrgwCehDhRBz5Cwy6X3w==,51.69,-30.00,126.8897247,35.1457062,124,,,,,,,,,,,,,,,,,,,,,,,,,,,false,1,,,,false,,false,,false,,,,,,,false,,,,,,false,0,false,,,false,false,false,false,false,,false,,,false,,-1,,3520.56,nres://marker/00063-00058,nres://marker/00063-00212,,,,,,,,,,,,,,,,,,,,,,
42,43,35957415,버거킹 광주수완점,062-953-0233,false,,1,양식,햄버거,220036,220044,220138,222363,,,,광주광역시 광산구 수완동 1429,광주광역시 광산구 장신로 142,수완동 1429,광주 광산구,장신로 142,버거킹 <b>광주</b>수완점,062-953-0233,햄버거,치킨,34,e5f4b00de075295dd9c8839a27bb28ff,0,,s,1,1,126.8256649,35.1904919,12,false,OYib4225Snv9ZblzYmpfhg==,-177.56,13.00,126.8256524,35.1906477,48,k3snvkSKuM43mnlp4wp2TQ==,65.10,-30.00,126.8244476,35.1899261,124,,,,,,,,,,,,,,,,,,,,,,,,,,,false,1,,,,false,,false,,false,,,true,126.825628,35.190246,,false,평일 10:00~23:00 | 주말 09:00~23:00,"트러플머쉬룸 와퍼세트 8,300 | 트러플머쉬룸 스테이크버거세트 9,300 | 통새우와퍼주니어세트 6,900 | 통새우스테이크버거세트 9,900 | 통새우와퍼세트 8,900 | 와퍼세트 7,900 | 불고기와퍼세트 7,900 | 콰트로치즈와퍼세트 8,800 | 치즈와퍼세트 8,500 | 와퍼주니어세트 6,300 | 불고기와퍼주니어 6,300 | 콰트로치즈와퍼주니어 6,900 | 치즈와퍼주니어 6,600 | 프렌치프라이(R)~(L) 1,600~2,100 | 어니언링 2,000 | 너켓킹(4~10조각) 2,000~5,000",,,,false,1,false,,https://talk.naver.com/ct/wc5tu8,false,false,false,false,false,,false,,,false,,-1,,4766.45,nres://marker/00063-00076,nres://marker/00063-00230,,,,,,대게,,,,,true,126.825623,35.190585,,,,,,,,,
43,44,35623448,맥도날드 광주산정DT점,070-7204-4995,false,,1,양식,햄버거,220036,220044,220138,222362,222606,222607,1004452,광주광역시 광산구 산정동 143-16,광주광역시 광산구 용아로 251,산정동 143-16,광주 광산구,용아로 251,맥도날드 <b>광주</b>산정DT점,070-7204-4995,햄버거,불고기,38,8231487a838b147df4ca773b94b835f9,0,,s,1,1,126.8012677,35.1658967,12,false,+tMSQBy3Ygycf6Zx5N60bQ==,-86.46,10.00,126.8017342,35.1658638,120,BcIwqaO9vdv29GYE88LWtQ==,120.48,-30.00,126.7988892,35.1673012,124,,,,,,,,,,,,,,,,,,,,,,,,,,,false,1,,,,false,,false,,false,,,true,126.8015981,35.1659541,,false,,빅맥® 세트 변동가격(업주문의) | 맥스파이시® 상하이 버거 세트 변동가격(업주문의) | 1955 버거™ 세트 변동가격(업주문의) | 불고기 버거 세트 변동가격(업주문의) | 슈슈 버거 세트 변동가격(업주문의) | 베이컨 토마토 디럭스 세트 변동가격(업주문의),,,,false,1,false,,,false,false,false,false,false,,false,,,false,,-1,,6732.15,nres://marker/00063-00076,nres://marker/00063-00230,,,,,,,,,,,,,,,,,,,,,,
44,45,1238756808,스타벅스 광주지산DT점,1522-3232,false,,1,"카페,디저트",카페,220036,220052,220576,221275,220036,1003557,,광주광역시 동구 동명동 12-3,광주광역시 동구 필문대로 240,동명동 12-3,광주 동구,필문대로 240,스타벅스 <b>광주</b>지산DT점,1522-3232,,,19,15735a9e1dd12dba06cdeba8a4fd52f0,0,http://ldb.phinf.naver.net/20190828_93/1566953601239OT9MQ_PNG/xX7Wv642gXMoTI0DAv0hRymS.png,s,1,1,126.9290700,35.1497280,12,false,2d1aYAFfrMzJMnJGl0xVDQ==,-69.44,10.00,126.9293374,35.1496275,120,rih/e161NOe/475fOqkdnQ==,95.73,-30.00,126.9255524,35.1500778,124,,,,,,,,,,,,,,,,,,,,,,,,,,,false,1,,,,false,,false,,false,http://www.starbucks.co.kr/,,,,,,false,목요일 07:00~23:00 | 금요일 07:00~23:00 | 토요일 07:00~23:00 | 일요일 07:00~23:00 | 월요일 07:00~23:00 | 화요일 07:00~23:00 | 수요일 08:00~22:00,"블랙 글레이즈드 라떼 6,100 | 헤이즐넛 오트 쇼콜라 5,900 | 애플 쿠키 라떼 5,900 | 애플 쿠키 크림 프라푸치노 6,100 | 카페 아메리카노 4,100 | 카페 라떼 4,600 | 디카페인 카페 라뗴 4,900 | 오늘의 커피 3,800 | 스타벅스 돌체 라떼 5,600 | 카라멜 마키아또 5,600 | 카푸치노 4,600 | 카페 모카 5,100 | 화이트 초콜릿 모카 5,600 | 콜드 브루 4,500 | 자몽 허니 블랙 티 5,300 | 아이스 자몽 허니 블랙 티 5,300 | 망고 바나나 블렌디드 6,300 | 에스프레소 프라푸치노 5,100 | 자바 칩 프라푸치노 6,100",,,,false,1,false,https://booking.naver.com/booking/6/bizes/391736,,true,false,true,false,true,,false,,,true,,-1,,5702.44,nres://marker/00063-00038,nres://marker/00063-00191,,,,,,,,,,,,,,,,,,,,,,
45,46,1473287722,스타벅스 광주운남DT점,1522-3232,false,,1,"카페,디저트",카페,220036,220052,220576,221275,220036,1003557,,광주광역시 광산구 운남동 414-31,광주광역시 광산구 임방울대로 156,운남동 414-31,광주 광산구,임방울대로 156,스타벅스 <b>광주</b>운남DT점,1522-3232,,,33,0f1f1bdbec66a29de348e3afa07a4939,0,http://ldb.phinf.naver.net/20190828_93/1566953601239OT9MQ_PNG/xX7Wv642gXMoTI0DAv0hRymS.png,s,1,1,126.8180620,35.1751360,12,false,ym1u8o/Sc9u2JUAJySgltA==,2.58,10.00,126.8180546,35.1749714,120,siVU4Zhqw1EJ6u+oJIV0nA==,67.05,-30.00,126.8169479,35.1746635,124,,,,,1,RELA,1.0,1473287722,117.9926027,19.6944771,117.9926027,19.6944771,2,1836337281,스타벅스광주운남DT점입구,입구,입구(사람+차량),126.8179139,35.1753102,3,1020689880,스타벅스광주운남DT점출구,출구,출구(차량),126.8181308,35.1750281,true,1,,,,false,,false,,false,http://www.starbucks.co.kr/,,true,126.8179139,35.1753102,,false,화요일 08:00~22:00 | 수요일 08:00~22:00 | 목요일 08:00~22:00 | 금요일 08:00~22:00 | 토요일 08:00~22:00 | 일요일 08:00~22:00 | 월요일 08:00~22:00,"블랙 글레이즈드 라떼 6,100 | 헤이즐넛 오트 쇼콜라 5,900 | 애플 쿠키 라떼 5,900 | 애플 쿠키 크림 프라푸치노 6,100 | 카페 아메리카노 4,100 | 카페 라떼 4,600 | 디카페인 카페 라뗴 4,900 | 오늘의 커피 3,800 | 스타벅스 돌체 라떼 5,600 | 카라멜 마키아또 5,600 | 카푸치노 4,600 | 카페 모카 5,100 | 화이트 초콜릿 모카 5,600 | 콜드 브루 4,500 | 자몽 허니 블랙 티 5,300 | 아이스 자몽 허니 블랙 티 5,300 | 망고 바나나 블렌디드 6,300 | 에스프레소 프라푸치노 5,100 | 자바 칩 프라푸치노 6,100",,,,false,1,false,https://booking.naver.com/booking/6/bizes/391629,,true,false,true,false,true,,false,,,true,,-1,,5129.79,nres://marker/00063-00038,nres://marker/00063-00191,,,,,,,,,,,,,,,,,,,,,,
46,47,1412377837,스타벅스 광주금호DT점입구,,false,,0,도로시설,방면정보,227616,227755,227813,227815,,,,광주광역시 서구 쌍촌동,,,,,스타벅스 <b>광주</b>금호DT점입구,,,,0,adbc11fd99eedb124d87a385e762c55b,0,,s,1,1,126.8578423,35.1422707,12,false,yqSz4tM9vsIXsq6somtGDg==,-87.94,10.00,126.8579764,35.1422658,120,juHOwckeme2YNNyrvoJaSA==,-90.25,-30.00,126.8605576,35.1422806,124,,,,,,,,,,,,,,,,,,,,,,,,,,,false,1,,,,false,,false,,false,,,,,,,false,,,,,,false,0,false,,,false,false,false,false,false,,false,,,false,,-1,,3929.21,nres://marker/00063-00057,nres://marker/00063-00211,,,,,,,,,,,,,,,,,,,,,,
47,48,1140586347,스타벅스 광주신가DT점출구,,false,,0,도로시설,방면정보,227616,227755,227813,227817,,,,광주광역시 광산구 신가동,,,,,스타벅스 <b>광주</b>신가DT점출구,,,,0,2274303061e548fb62ebab2ded6e6cf8,0,,s,1,1,126.8300118,35.1789796,12,false,wMwzvRxJ0p022VCV6LD4mg==,10.22,10.00,126.8299868,35.1788404,120,o8Xlrphpb2MosvtyWCfEKw==,-86.92,-30.00,126.8352814,35.1786919,124,,,,,,,,,,,,,,,,,,,,,,,,,,,false,1,,,,false,,false,,false,,,,,,,false,,,,,,false,0,false,,,false,false,false,false,false,,false,,,false,,-1,,4068.45,nres://marker/00063-00058,nres://marker/00063-00212,,,,,,,,,,,,,,,,,,,,,,
48,49,37935732,스타벅스 광주방림DT점,1522-3232,false,,1,"카페,디저트",카페,220036,220052,220576,221275,220036,1003557,,광주광역시 남구 방림동 343-20,광주광역시 남구 대남대로 67,방림동 343-20,광주 남구,대남대로 67,스타벅스 <b>광주</b>방림DT점,1522-3232,그린티라떼,카페,74,7fe9e3893bf51d8fdf94623863c5d448,0,http://ldb.phinf.naver.net/20190828_93/1566953601239OT9MQ_PNG/xX7Wv642gXMoTI0DAv0hRymS.png,s,1,1,126.9176980,35.1349799,12,false,BXhckXIeEimmX4yhmNlNgw==,128.87,10.00,126.9174334,35.1351928,120,a720+t8M2qcE81zin2b7CA==,99.63,-30.00,126.9147186,35.1354828,124,,,,,1,RELA,1.0,37935732,117.9926027,19.6944771,117.9926027,19.6944771,2,1053142758,스타벅스 광주방림DT점입구,입구,입구(사람+차량),126.9173978,35.1350551,3,1286876565,스타벅스 광주방림DT점출구,출구,출구(차량),126.9175673,35.1351669,true,1,,,,false,,false,,false,http://www.starbucks.co.kr/,,true,126.9173978,35.1350551,,false,목요일 07:00~23:00 | 금요일 07:00~23:00 | 토요일 07:00~23:00 | 일요일 07:00~23:00 | 월요일 07:00~23:00 | 화요일 07:00~23:00 | 수요일 08:00~22:00,"블랙 글레이즈드 라떼 6,100 | 헤이즐넛 오트 쇼콜라 5,900 | 애플 쿠키 라떼 5,900 | 애플 쿠키 크림 프라푸치노 6,100 | 카페 아메리카노 4,100 | 카페 라떼 4,600 | 디카페인 카페 라뗴 4,900 | 오늘의 커피 3,800 | 스타벅스 돌체 라떼 5,600 | 카라멜 마키아또 5,600 | 카푸치노 4,600 | 카페 모카 5,100 | 화이트 초콜릿 모카 5,600 | 콜드 브루 4,500 | 자몽 허니 블랙 티 5,300 | 아이스 자몽 허니 블랙 티 5,300 | 망고 바나나 블렌디드 6,300 | 에스프레소 프라푸치노 5,100 | 자바 칩 프라푸치노 6,100",,,,false,1,false,https://booking.naver.com/booking/6/bizes/392635,,true,false,true,false,true,,false,,,true,,-1,,5931.58,nres://marker/00063-00038,nres://marker/00063-00191,,,,,,당근케이크,드라이브,애플망고,,,,,,,,,,,,,,
49,50,1355700496,버거킹 광주수완DT점,070-7462-6758,false,,1,양식,햄버거,220036,220044,220138,222363,,,,광주광역시 광산구 수완동 669-5,광주광역시 광산구 임방울대로 499,수완동 669-5,광주 광산구,임방울대로 499,버거킹 <b>광주</b>수완DT점,070-7462-6758,,,13,78a5db092c9a9c7b18593d9dafc17938,0,,s,1,1,126.8191660,35.2040416,12,false,VvuqDS/+dyZB6Mz0pMw41Q==,-164.05,10.00,126.8193365,35.2042782,100,S3khP7uT3BCto5dGbO+Lcg==,-94.20,-30.00,126.8226166,35.2042923,124,,,,,,,,,,,,,,,,,,,,,,,,,,,false,1,,,,false,,false,,false,,,,,,,false,평일 10:00~23:00 | 주말 09:00~23:00 | 공휴일 10:00~23:00 공휴일이 토/일이면 주말운영시간에 운영,"트러플머쉬룸 와퍼세트 8,300 | 트러플머쉬룸 스테이크버거세트 9,300 | 통새우와퍼주니어세트 6,900 | 통새우스테이크버거세트 9,900 | 통새우와퍼세트 8,900 | 와퍼세트 7,900 | 불고기와퍼세트 7,900 | 콰트로치즈와퍼세트 8,800 | 치즈와퍼세트 8,500 | 와퍼주니어세트 6,300 | 불고기와퍼주니어 6,300 | 콰트로치즈와퍼주니어 6,900 | 치즈와퍼주니어 6,600 | 프렌치프라이(R)~(L) 1,600~2,100 | 어니언링 2,000 | 너켓킹(4~10조각) 2,000~5,000",,,,false,1,false,,,false,false,false,false,false,,false,,,false,,-1,,5985.92,nres://marker/00063-00076,nres://marker/00063-00230,,,,,,,,,,,,,,,,,,,,,,
